product_id,product_name,category,subcategory,cost_price
P0001,Butler-Haas Laptop,Electronics,Laptop,14971
P0002,"Henry, Wolf And Ford Lamp",Home,Lamp,42473
P0003,"Moreno, Sanchez And Ryan Laptop",Electronics,Laptop,36867
P0004,"Harris, Grant And Pratt Laptop",Electronics,Laptop,78690
P0005,Robertson-Frye Lamp,Home,Lamp,14601
P0006,"Garcia, Herrera And Massey Smart Watch",Electronics,Smart Watch,66869
P0007,Davis Plc Table,Home,Table,45796
P0008,Glover Llc Shirt,Clothing,Shirt,88535
P0009,"Barnes, Walton And Lee Badminton",Sports,Badminton,96446
P0010,"Larson, Mullen And Bailey Badminton",Sports,Badminton,12906
P0011,Mitchell Inc Cricket Bat,Sports,Cricket Bat,35391
P0012,Espinoza Plc Smart Watch,Electronics,Smart Watch,62907
P0013,Warren Llc Headphones,Electronics,Headphones,41118
P0014,Spencer-Williams Headphones,Electronics,Headphones,58692
P0015,Carr Ltd Badminton,Sports,Badminton,94426
P0016,Austin Inc Comics,Books,Comics,73191
P0017,Pena And Sons Chair,Home,Chair,15988
P0018,Nelson-Herman Gym Equipment,Sports,Gym Equipment,24619
P0019,"Sutton, Baker And Mcguire Laptop",Electronics,Laptop,13312
P0020,Lamb And Sons Football,Sports,Football,75270
P0021,"Hart, White And Kelly Smart Watch",Electronics,Smart Watch,1317
P0022,Wyatt-Cook Headphones,Electronics,Headphones,95088
P0023,Bush-Flores Cricket Bat,Sports,Cricket Bat,19569
P0024,Evans-Oconnell Sofa,Home,Sofa,97215
P0025,Brown Inc Smart Watch,Electronics,Smart Watch,27272
P0026,Lawson Plc Football,Sports,Football,43978
P0027,Dunn-Barber Lamp,Home,Lamp,540
P0028,"Guzman, Jones And Fisher Shirt",Clothing,Shirt,37312
P0029,"Alexander, Robinson And Weiss Chair",Home,Chair,48866
P0030,Stewart-Campbell Mobile,Electronics,Mobile,19003
P0031,Burke-Thomas Sofa,Home,Sofa,23034
P0032,Lee Group Gym Equipment,Sports,Gym Equipment,80826
P0033,French Group Shoes,Clothing,Shoes,3764
P0034,"Hall, Becker And Jones Jacket",Clothing,Jacket,91844
P0035,"Harris, Jones And Ruiz Novel",Books,Novel,9087
P0036,Fry Ltd Mobile,Electronics,Mobile,6689
P0037,Turner Llc Shoes,Clothing,Shoes,55685
P0038,Valdez Group Chair,Home,Chair,13003
P0039,"Floyd, Harrington And Shepherd Sofa",Home,Sofa,93271
P0040,"Jarvis, Vargas And Castaneda Jeans",Clothing,Jeans,48102
P0041,Jacobs-Hall Cricket Bat,Sports,Cricket Bat,22616
P0042,Wright-Perez Table,Home,Table,50054
P0043,"Duran, Forbes And Adams Jacket",Clothing,Jacket,14300
P0044,English-Garcia Table,Home,Table,46020
P0045,Shaffer Inc Jacket,Clothing,Jacket,38149
P0046,Lee And Sons Programming,Books,Programming,43607
P0047,Martin Inc Table,Home,Table,84289
P0048,Sanchez-Ramos Shirt,Clothing,Shirt,45104
P0049,Christensen Plc Gym Equipment,Sports,Gym Equipment,89062
P0050,Burgess-Stephenson Headphones,Electronics,Headphones,13237
P0051,"Walker, Smith And Holloway Shirt",Clothing,Shirt,78679
P0052,Stone-Hoffman Smart Watch,Electronics,Smart Watch,71528
P0053,Ochoa Plc Sofa,Home,Sofa,61418
P0054,Gibson-Barton Shoes,Clothing,Shoes,13004
P0055,"Smith, Smith And Sanchez Comics",Books,Comics,63485
P0056,Cross Inc Jacket,Clothing,Jacket,98294
P0057,"Greer, Woods And Elliott Novel",Books,Novel,45357
P0058,Miles-Mueller Shoes,Clothing,Shoes,40239
P0059,Acevedo-Blackwell Sofa,Home,Sofa,91404
P0060,"Rodriguez, Peters And Rodriguez Shirt",Clothing,Shirt,91686
P0061,Miller Group Lamp,Home,Lamp,20558
P0062,Andrews Plc Cricket Bat,Sports,Cricket Bat,15423
P0063,Smith Plc Laptop,Electronics,Laptop,79878
P0064,"Murray, Robles And Smith Mobile",Electronics,Mobile,35242
P0065,"Garcia, Hawkins And King Shoes",Clothing,Shoes,87160
P0066,Rivers Group Lamp,Home,Lamp,68870
P0067,Peters-Carpenter Mobile,Electronics,Mobile,95598
P0068,Gonzalez-Contreras Table,Home,Table,32059
P0069,Berry-Hamilton Sofa,Home,Sofa,96554
P0070,Chapman-Nichols Table,Home,Table,99861
P0071,Daugherty Group Shirt,Clothing,Shirt,57793
P0072,Blake-Espinoza Comics,Books,Comics,29149
P0073,Cameron Inc Novel,Books,Novel,74101
P0074,Taylor-Romero Novel,Books,Novel,71995
P0075,Rogers And Sons Shoes,Clothing,Shoes,31027
P0076,Carr Llc Biography,Books,Biography,45510
P0077,Miles Inc Shirt,Clothing,Shirt,70862
P0078,"Maynard, Smith And Owen Laptop",Electronics,Laptop,70469
P0079,"Mitchell, Chandler And Lee Mobile",Electronics,Mobile,46056
P0080,Morgan And Sons Gym Equipment,Sports,Gym Equipment,29316
P0081,Brown-Davis Jeans,Clothing,Jeans,48874
P0082,Carroll Inc Laptop,Electronics,Laptop,29233
P0083,Cortez Llc Jeans,Clothing,Jeans,24588
P0084,Jenkins-Mills Lamp,Home,Lamp,21133
P0085,Smith Plc Lamp,Home,Lamp,1900
P0086,"Parker, Clark And Cunningham Shirt",Clothing,Shirt,42119
P0087,"Wood, Hayes And Larson Smart Watch",Electronics,Smart Watch,1479
P0088,Miles-Boyd Novel,Books,Novel,43406
P0089,"Lindsey, Andersen And Alvarez Sofa",Home,Sofa,91103
P0090,Peterson-Bates Jacket,Clothing,Jacket,29548
P0091,Pham-Espinoza Biography,Books,Biography,43697
P0092,Hernandez Llc Lamp,Home,Lamp,54617
P0093,"Arellano, Perry And Lee Chair",Home,Chair,83997
P0094,"Martinez, Oneill And Castro Jeans",Clothing,Jeans,57980
P0095,Black Plc Jacket,Clothing,Jacket,8665
P0096,Thomas Inc Mobile,Electronics,Mobile,32927
P0097,Santos Inc Novel,Books,Novel,11124
P0098,"Gonzalez, Casey And Jones Headphones",Electronics,Headphones,96037
P0099,Roberts-Russo Laptop,Electronics,Laptop,74708
P0100,Christensen Group Comics,Books,Comics,51240
P0101,"Smith, Lee And Oliver Programming",Books,Programming,72945
P0102,Riley And Sons Table,Home,Table,26191
P0103,Anthony-Huynh Mobile,Electronics,Mobile,37011
P0104,Moran Group Shoes,Clothing,Shoes,26580
P0105,Ashley Llc Sofa,Home,Sofa,48674
P0106,Lewis Plc Jeans,Clothing,Jeans,24837
P0107,"Hill, Simpson And Perez Mobile",Electronics,Mobile,58607
P0108,Hall-Bernard Chair,Home,Chair,76621
P0109,Lawson Group Football,Sports,Football,66407
P0110,Burke-Mathews Laptop,Electronics,Laptop,36446
P0111,Shaw-Cooke Laptop,Electronics,Laptop,21379
P0112,"Owen, Murphy And Wang Biography",Books,Biography,69267
P0113,Jones-Fox Shirt,Clothing,Shirt,98930
P0114,Williams And Sons Shoes,Clothing,Shoes,15948
P0115,Porter-Gregory Table,Home,Table,79750
P0116,"Wilson, Garza And Mathews Table",Home,Table,55890
P0117,"Robbins, Gonzalez And Ferguson Cricket Bat",Sports,Cricket Bat,83667
P0118,Anthony-Jones Shoes,Clothing,Shoes,94970
P0119,"Gaines, Richardson And French Table",Home,Table,6916
P0120,"Cummings, Rosario And Sanchez Gym Equipment",Sports,Gym Equipment,21770
P0121,Walter And Sons Cricket Bat,Sports,Cricket Bat,98082
P0122,Holland-Peterson Badminton,Sports,Badminton,85402
P0123,Anthony-Silva Gym Equipment,Sports,Gym Equipment,2584
P0124,Baker Group Football,Sports,Football,85936
P0125,Rodriguez Group Jeans,Clothing,Jeans,70675
P0126,Sanchez Inc Sofa,Home,Sofa,44772
P0127,"Murray, Jarvis And Turner Shoes",Clothing,Shoes,84049
P0128,"Carter, Payne And Evans Lamp",Home,Lamp,62451
P0129,Garcia-Shaw Laptop,Electronics,Laptop,63847
P0130,Smith And Sons Smart Watch,Electronics,Smart Watch,9596
P0131,Rodriguez-Moreno Headphones,Electronics,Headphones,35460
P0132,Duran-Burke Shirt,Clothing,Shirt,74385
P0133,Wilson Group Jeans,Clothing,Jeans,47886
P0134,"Ferguson, Morris And Williams Jeans",Clothing,Jeans,92132
P0135,"Powell, Guerra And Brock Shoes",Clothing,Shoes,2853
P0136,Mccormick And Sons Laptop,Electronics,Laptop,95268
P0137,Farmer-Glenn Chair,Home,Chair,83431
P0138,"Lindsey, Harris And Carney Laptop",Electronics,Laptop,30459
P0139,Bailey And Sons Programming,Books,Programming,42380
P0140,Kelley-Becker Shoes,Clothing,Shoes,27579
P0141,Fields Ltd Table,Home,Table,25353
P0142,Benson-Parrish Biography,Books,Biography,30362
P0143,Cox Ltd Shoes,Clothing,Shoes,86089
P0144,Weaver-Holden Shirt,Clothing,Shirt,83343
P0145,Webb Llc Gym Equipment,Sports,Gym Equipment,64188
P0146,Underwood-Marsh Jacket,Clothing,Jacket,48699
P0147,Harmon Llc Shoes,Clothing,Shoes,15983
P0148,"Stokes, Prince And Rios Smart Watch",Electronics,Smart Watch,13993
P0149,"Phillips, Dickerson And Boyle Laptop",Electronics,Laptop,32317
P0150,Andersen Llc Jeans,Clothing,Jeans,4895
P0151,Hicks Group Sofa,Home,Sofa,66079
P0152,Prince Llc Football,Sports,Football,72605
P0153,"Lawrence, Wheeler And Hines Football",Sports,Football,17367
P0154,Boyd-Bowman Chair,Home,Chair,90326
P0155,Reese-Johnson Shoes,Clothing,Shoes,49385
P0156,Kim Llc Mobile,Electronics,Mobile,98133
P0157,"Griffith, Contreras And Brooks Lamp",Home,Lamp,53193
P0158,Middleton Llc Football,Sports,Football,56323
P0159,"Perkins, Gonzalez And Sims Badminton",Sports,Badminton,64170
P0160,Joyce-Henderson Mobile,Electronics,Mobile,22764
P0161,Thomas And Sons Programming,Books,Programming,71771
P0162,"Ramos, Wilson And Johnson Sofa",Home,Sofa,95183
P0163,Anderson Plc Table,Home,Table,81202
P0164,"Nielsen, French And Dickerson Jeans",Clothing,Jeans,37322
P0165,Turner Ltd Comics,Books,Comics,52587
P0166,Cunningham Plc Biography,Books,Biography,76522
P0167,Warren-Rowe Shoes,Clothing,Shoes,65141
P0168,Doyle-Harris Comics,Books,Comics,80141
P0169,Patterson Ltd Cricket Bat,Sports,Cricket Bat,83088
P0170,White And Sons Comics,Books,Comics,52406
P0171,Williams Inc Shirt,Clothing,Shirt,64298
P0172,Gates Llc Football,Sports,Football,69855
P0173,"Anderson, Byrd And Sutton Laptop",Electronics,Laptop,45205
P0174,Smith Ltd Comics,Books,Comics,86246
P0175,Woods Plc Mobile,Electronics,Mobile,87465
P0176,Barnes-Rojas Mobile,Electronics,Mobile,42058
P0177,Vazquez Ltd Smart Watch,Electronics,Smart Watch,80507
P0178,"Frazier, Blackwell And Cruz Chair",Home,Chair,18233
P0179,"Simmons, Nguyen And Kelly Lamp",Home,Lamp,34753
P0180,King Llc Comics,Books,Comics,8248
P0181,Crawford Llc Smart Watch,Electronics,Smart Watch,8465
P0182,Blevins-Roberson Laptop,Electronics,Laptop,63183
P0183,Long-Carpenter Shirt,Clothing,Shirt,12754
P0184,Dawson Group Mobile,Electronics,Mobile,13270
P0185,"Graham, Powers And Brown Chair",Home,Chair,79666
P0186,"Simmons, Day And Wright Mobile",Electronics,Mobile,94428
P0187,Jones And Sons Badminton,Sports,Badminton,27834
P0188,Clark Llc Shirt,Clothing,Shirt,4385
P0189,Thornton Llc Lamp,Home,Lamp,24831
P0190,"Perez, Fitzgerald And Williams Football",Sports,Football,52819
P0191,Cooper Plc Programming,Books,Programming,10589
P0192,Clark-Fuentes Programming,Books,Programming,74793
P0193,"Gallegos, Carroll And Young Football",Sports,Football,53659
P0194,Lara-Thompson Programming,Books,Programming,92883
P0195,"Franklin, Smith And Love Gym Equipment",Sports,Gym Equipment,3310
P0196,Ortiz Llc Shoes,Clothing,Shoes,65516
P0197,Camacho-Bailey Jeans,Clothing,Jeans,59694
P0198,Johnson And Sons Cricket Bat,Sports,Cricket Bat,45959
P0199,Mills And Sons Lamp,Home,Lamp,4541
P0200,Le-Guzman Programming,Books,Programming,78505
P0201,Thompson-Estes Cricket Bat,Sports,Cricket Bat,1819
P0202,"Griffith, Riley And Colon Football",Sports,Football,14736
P0203,"Sandoval, Jimenez And Gonzalez Gym Equipment",Sports,Gym Equipment,41322
P0204,Kirk Plc Chair,Home,Chair,92317
P0205,"Dennis, Olson And Weaver Jacket",Clothing,Jacket,23784
P0206,Barnes Group Gym Equipment,Sports,Gym Equipment,56742
P0207,"Stevens, Lewis And Myers Jeans",Clothing,Jeans,6978
P0208,Smith-Mckenzie Sofa,Home,Sofa,52638
P0209,Foster-Johnson Shirt,Clothing,Shirt,77612
P0210,Hunter Plc Headphones,Electronics,Headphones,33210
P0211,Sanchez Inc Gym Equipment,Sports,Gym Equipment,44474
P0212,Barnes And Sons Laptop,Electronics,Laptop,32954
P0213,Clayton Plc Jeans,Clothing,Jeans,44840
P0214,Anderson-Clark Smart Watch,Electronics,Smart Watch,81386
P0215,Brown-Payne Shoes,Clothing,Shoes,76597
P0216,Pruitt-Shaw Shirt,Clothing,Shirt,73228
P0217,Johnson-Torres Gym Equipment,Sports,Gym Equipment,69016
P0218,Nelson-Williams Mobile,Electronics,Mobile,52388
P0219,Everett-Lester Laptop,Electronics,Laptop,1378
P0220,"Sawyer, Rivera And Morgan Gym Equipment",Sports,Gym Equipment,64898
P0221,Reed Plc Chair,Home,Chair,61988
P0222,Garcia Llc Mobile,Electronics,Mobile,37575
P0223,Griffith Llc Shoes,Clothing,Shoes,75337
P0224,"Peterson, Gonzalez And Alexander Novel",Books,Novel,75721
P0225,Sanchez And Sons Mobile,Electronics,Mobile,99154
P0226,Lowe-Martinez Jacket,Clothing,Jacket,35131
P0227,"Barry, Mitchell And Williams Headphones",Electronics,Headphones,61701
P0228,Scott-Hurley Novel,Books,Novel,60206
P0229,"Bond, Eaton And Coleman Cricket Bat",Sports,Cricket Bat,76851
P0230,"Moore, Patel And Moore Comics",Books,Comics,22522
P0231,Owen Inc Smart Watch,Electronics,Smart Watch,44219
P0232,"Smith, Howard And Owens Chair",Home,Chair,10767
P0233,Pena-Romero Badminton,Sports,Badminton,42197
P0234,Watson-Wilson Cricket Bat,Sports,Cricket Bat,27843
P0235,Turner-Davis Biography,Books,Biography,89438
P0236,Mcdonald And Sons Headphones,Electronics,Headphones,80391
P0237,Serrano-Lane Lamp,Home,Lamp,74627
P0238,"Carter, King And Ayala Novel",Books,Novel,44149
P0239,Mooney-Owen Cricket Bat,Sports,Cricket Bat,54258
P0240,"Schneider, Chavez And Copeland Jacket",Clothing,Jacket,72284
P0241,Taylor-Robinson Badminton,Sports,Badminton,47785
P0242,"Murphy, Kline And Wilson Comics",Books,Comics,24733
P0243,"Lucero, Nunez And Goodwin Shoes",Clothing,Shoes,63609
P0244,Fields And Sons Jeans,Clothing,Jeans,93359
P0245,"Flores, Morris And Fritz Mobile",Electronics,Mobile,14892
P0246,Peters-Ortiz Jeans,Clothing,Jeans,6757
P0247,Golden-Booth Shoes,Clothing,Shoes,98206
P0248,Osborn And Sons Shoes,Clothing,Shoes,97176
P0249,Cortez-Stuart Badminton,Sports,Badminton,63513
P0250,"Gaines, Lopez And Shields Chair",Home,Chair,25687
P0251,Palmer-Hernandez Programming,Books,Programming,30214
P0252,"Wilkerson, Savage And Ray Comics",Books,Comics,4856
P0253,Larson Llc Biography,Books,Biography,22668
P0254,"Hopkins, Sullivan And Ellis Lamp",Home,Lamp,82666
P0255,Campbell-Jones Biography,Books,Biography,28318
P0256,"Stewart, Perez And Lara Lamp",Home,Lamp,77348
P0257,"Matthews, Rivas And Kennedy Cricket Bat",Sports,Cricket Bat,49531
P0258,"Kim, Dickerson And Miller Mobile",Electronics,Mobile,88631
P0259,"Moore, Fry And Anderson Gym Equipment",Sports,Gym Equipment,33514
P0260,Dickerson Group Headphones,Electronics,Headphones,47089
P0261,Wiggins Inc Cricket Bat,Sports,Cricket Bat,51364
P0262,"Rivera, Gallagher And Smith Shoes",Clothing,Shoes,53701
P0263,"Chavez, Dominguez And Allen Novel",Books,Novel,21873
P0264,"Daniel, Schmidt And Warren Comics",Books,Comics,49312
P0265,Lopez Llc Shoes,Clothing,Shoes,46067
P0266,Vargas-Love Biography,Books,Biography,33703
P0267,"Gallagher, Smith And Gomez Table",Home,Table,55235
P0268,Howe Inc Lamp,Home,Lamp,1932
P0269,Yang-Orozco Comics,Books,Comics,70934
P0270,Clark-Sheppard Lamp,Home,Lamp,7093
P0271,Boyd-Berger Gym Equipment,Sports,Gym Equipment,3294
P0272,"Nelson, Walker And Turner Shirt",Clothing,Shirt,54537
P0273,Nichols-Anderson Cricket Bat,Sports,Cricket Bat,58655
P0274,Mccullough Inc Comics,Books,Comics,4973
P0275,Simon-Young Football,Sports,Football,15476
P0276,Hernandez-Foster Novel,Books,Novel,23875
P0277,Gonzales Plc Football,Sports,Football,71049
P0278,Johnson-Lawson Cricket Bat,Sports,Cricket Bat,2962
P0279,Sawyer-Carey Shirt,Clothing,Shirt,80749
P0280,Barrett Inc Smart Watch,Electronics,Smart Watch,49881
P0281,Ferrell-Powell Badminton,Sports,Badminton,18670
P0282,Moody Ltd Jeans,Clothing,Jeans,93543
P0283,"Gill, Thompson And Tucker Novel",Books,Novel,53171
P0284,Benton-Jacobs Programming,Books,Programming,55570
P0285,Suarez-Beck Mobile,Electronics,Mobile,74209
P0286,Gonzales Llc Jeans,Clothing,Jeans,69166
P0287,Reyes Ltd Badminton,Sports,Badminton,9570
P0288,Rivera-Haley Comics,Books,Comics,29604
P0289,Contreras Inc Shirt,Clothing,Shirt,71915
P0290,Lee-Vaughn Mobile,Electronics,Mobile,98198
P0291,"Williams, Moore And Hartman Gym Equipment",Sports,Gym Equipment,35084
P0292,Hart-Ruiz Cricket Bat,Sports,Cricket Bat,25029
P0293,Francis And Sons Football,Sports,Football,65001
P0294,Fitzpatrick Inc Novel,Books,Novel,8949
P0295,Cox Group Headphones,Electronics,Headphones,30100
P0296,Jones And Sons Smart Watch,Electronics,Smart Watch,24314
P0297,Hill And Sons Biography,Books,Biography,77955
P0298,Cohen-Beltran Laptop,Electronics,Laptop,25974
P0299,Davis Plc Lamp,Home,Lamp,84160
P0300,Stephenson Inc Programming,Books,Programming,12627
P0301,Hill Llc Novel,Books,Novel,13158
P0302,Morales-Ross Table,Home,Table,77525
P0303,Jackson Plc Headphones,Electronics,Headphones,21313
P0304,Wise-Perez Comics,Books,Comics,78333
P0305,Taylor-Hudson Football,Sports,Football,44993
P0306,Yang-Paul Sofa,Home,Sofa,68111
P0307,Moore-Bradley Lamp,Home,Lamp,48861
P0308,Tucker Ltd Novel,Books,Novel,14080
P0309,Jensen Inc Shoes,Clothing,Shoes,89647
P0310,Sweeney-Stevens Badminton,Sports,Badminton,90577
P0311,Stephens-Berg Sofa,Home,Sofa,32980
P0312,Stephens-Yu Sofa,Home,Sofa,80879
P0313,"Maxwell, Gates And Dodson Lamp",Home,Lamp,17710
P0314,Hawkins Inc Comics,Books,Comics,18343
P0315,Costa-Richardson Comics,Books,Comics,65865
P0316,Nguyen-Davenport Gym Equipment,Sports,Gym Equipment,81421
P0317,"Mayo, Daniel And Bailey Cricket Bat",Sports,Cricket Bat,27021
P0318,"King, Walter And Ray Programming",Books,Programming,99634
P0319,Luna-Harris Chair,Home,Chair,49784
P0320,Gates And Sons Programming,Books,Programming,88311
P0321,"Martinez, Snyder And Moore Gym Equipment",Sports,Gym Equipment,21077
P0322,Wilson Ltd Novel,Books,Novel,29359
P0323,"Walker, Stephenson And Smith Shoes",Clothing,Shoes,86750
P0324,Frost-Love Football,Sports,Football,26824
P0325,Owens Inc Smart Watch,Electronics,Smart Watch,39506
P0326,"Harris, Woodward And Thompson Badminton",Sports,Badminton,78145
P0327,Evans-Smith Badminton,Sports,Badminton,33548
P0328,"Davila, Pearson And Owen Headphones",Electronics,Headphones,74338
P0329,Crosby Inc Jacket,Clothing,Jacket,66777
P0330,Mendoza Group Comics,Books,Comics,62363
P0331,"Davis, Lee And Brown Biography",Books,Biography,18422
P0332,"Day, Downs And Shaw Gym Equipment",Sports,Gym Equipment,12629
P0333,Thomas-Mora Shoes,Clothing,Shoes,24380
P0334,"Simpson, Pham And Johnson Headphones",Electronics,Headphones,96336
P0335,Young Inc Smart Watch,Electronics,Smart Watch,17066
P0336,"Wallace, Faulkner And Adams Cricket Bat",Sports,Cricket Bat,22400
P0337,Huang Inc Lamp,Home,Lamp,72098
P0338,Martinez Ltd Smart Watch,Electronics,Smart Watch,8146
P0339,Carter Group Shirt,Clothing,Shirt,3635
P0340,"Oliver, Johnston And Wilson Badminton",Sports,Badminton,74719
P0341,"Byrd, Clark And Bates Mobile",Electronics,Mobile,33488
P0342,Cooke-Cervantes Laptop,Electronics,Laptop,81718
P0343,"Harding, Richards And Randall Smart Watch",Electronics,Smart Watch,99146
P0344,Vaughn Plc Novel,Books,Novel,70512
P0345,Smith-Moore Laptop,Electronics,Laptop,30017
P0346,Hall-Khan Programming,Books,Programming,17976
P0347,Murray Group Lamp,Home,Lamp,70549
P0348,"Montgomery, Harding And Berg Chair",Home,Chair,23270
P0349,"Blake, Combs And Sharp Chair",Home,Chair,21208
P0350,Williams Plc Mobile,Electronics,Mobile,24213
P0351,Martinez-Holt Novel,Books,Novel,94681
P0352,"Jones, Robertson And Ray Gym Equipment",Sports,Gym Equipment,69654
P0353,Ryan-Hernandez Lamp,Home,Lamp,80138
P0354,Collins-Garner Gym Equipment,Sports,Gym Equipment,59098
P0355,Ayala Plc Jeans,Clothing,Jeans,89532
P0356,Mcbride Llc Shirt,Clothing,Shirt,16351
P0357,"Jackson, Reed And Jenkins Mobile",Electronics,Mobile,39786
P0358,"Brown, Burton And Aguilar Football",Sports,Football,85297
P0359,"Benson, Lin And Smith Gym Equipment",Sports,Gym Equipment,74804
P0360,"Wright, Dougherty And Sullivan Gym Equipment",Sports,Gym Equipment,86420
P0361,Peters-Black Lamp,Home,Lamp,93884
P0362,Hughes-Gould Novel,Books,Novel,48172
P0363,Hamilton-Patterson Shirt,Clothing,Shirt,63011
P0364,Curtis-Rodriguez Smart Watch,Electronics,Smart Watch,96030
P0365,Gates-Smith Headphones,Electronics,Headphones,44610
P0366,Ross-Gaines Headphones,Electronics,Headphones,30183
P0367,"Christensen, Martinez And Parker Smart Watch",Electronics,Smart Watch,72871
P0368,"Ayers, Miller And Porter Mobile",Electronics,Mobile,9931
P0369,Carrillo Group Laptop,Electronics,Laptop,17597
P0370,Sherman-Mcbride Biography,Books,Biography,77002
P0371,Mitchell-Giles Table,Home,Table,5178
P0372,Hodge-Anderson Jeans,Clothing,Jeans,29837
P0373,Gordon Inc Shirt,Clothing,Shirt,27966
P0374,"Nelson, Morgan And Vincent Badminton",Sports,Badminton,43464
P0375,Johnson Llc Mobile,Electronics,Mobile,43657
P0376,Long-Gonzalez Laptop,Electronics,Laptop,81638
P0377,Wells-Rollins Badminton,Sports,Badminton,68899
P0378,Perez And Sons Novel,Books,Novel,14893
P0379,Paul-Willis Headphones,Electronics,Headphones,60451
P0380,Burch-Allen Laptop,Electronics,Laptop,53183
P0381,Fleming Ltd Mobile,Electronics,Mobile,32488
P0382,"Mosley, Howard And Camacho Novel",Books,Novel,41965
P0383,"Pennington, Frazier And Figueroa Badminton",Sports,Badminton,52486
P0384,Woods-Hendricks Novel,Books,Novel,92882
P0385,Smith Plc Lamp,Home,Lamp,67620
P0386,"Young, Martin And Hamilton Badminton",Sports,Badminton,90230
P0387,Torres-Stephenson Table,Home,Table,82354
P0388,Johnson Llc Cricket Bat,Sports,Cricket Bat,23394
P0389,Parsons And Sons Lamp,Home,Lamp,32209
P0390,"Carr, Braun And Hammond Programming",Books,Programming,74584
P0391,Thomas-Fox Gym Equipment,Sports,Gym Equipment,5454
P0392,Pollard Plc Table,Home,Table,30676
P0393,"Lewis, Carter And Adams Jeans",Clothing,Jeans,35113
P0394,Mcdonald-Larsen Sofa,Home,Sofa,21862
P0395,Berry Group Headphones,Electronics,Headphones,84373
P0396,Doyle-Swanson Shirt,Clothing,Shirt,67495
P0397,"Haynes, Thompson And Shannon Programming",Books,Programming,22657
P0398,Tran Llc Jacket,Clothing,Jacket,2933
P0399,"Weaver, Harvey And Freeman Football",Sports,Football,71847
P0400,Murphy-Johnson Lamp,Home,Lamp,19423
P0401,"Lam, Richards And Rogers Mobile",Electronics,Mobile,4054
P0402,Moore And Sons Smart Watch,Electronics,Smart Watch,75680
P0403,Watson And Sons Shirt,Clothing,Shirt,62666
P0404,Gregory Llc Jacket,Clothing,Jacket,96206
P0405,Clay Inc Shoes,Clothing,Shoes,31899
P0406,Gentry Inc Lamp,Home,Lamp,74731
P0407,Pratt Llc Novel,Books,Novel,48393
P0408,Murphy-Hernandez Gym Equipment,Sports,Gym Equipment,15642
P0409,Sanchez-Adams Table,Home,Table,27889
P0410,Campos And Sons Laptop,Electronics,Laptop,14115
P0411,Mooney Llc Cricket Bat,Sports,Cricket Bat,37644
P0412,Solis Group Football,Sports,Football,38711
P0413,Wilkins And Sons Comics,Books,Comics,48711
P0414,Bridges Inc Novel,Books,Novel,81821
P0415,"Diaz, Turner And Collins Shirt",Clothing,Shirt,25485
P0416,"Cherry, Rios And Robinson Chair",Home,Chair,8838
P0417,"Rice, Padilla And Schmidt Mobile",Electronics,Mobile,12866
P0418,Campbell And Sons Table,Home,Table,91767
P0419,"Hoffman, Smith And Craig Badminton",Sports,Badminton,44777
P0420,Williams Plc Mobile,Electronics,Mobile,91788
P0421,Lambert-Rodriguez Smart Watch,Electronics,Smart Watch,40112
P0422,"Gibbs, Brown And Williams Table",Home,Table,88421
P0423,"Smith, Allen And Deleon Mobile",Electronics,Mobile,75039
P0424,Harvey Group Jeans,Clothing,Jeans,54082
P0425,Meyer Inc Sofa,Home,Sofa,98479
P0426,Burgess-Fleming Comics,Books,Comics,76624
P0427,"Campbell, Vaughn And Jones Cricket Bat",Sports,Cricket Bat,26331
P0428,Rivera-Owens Jacket,Clothing,Jacket,73572
P0429,"Hardy, Knight And Robles Sofa",Home,Sofa,13115
P0430,Palmer-Tran Lamp,Home,Lamp,87077
P0431,Castillo Llc Jacket,Clothing,Jacket,48254
P0432,Combs Plc Programming,Books,Programming,62825
P0433,Taylor Ltd Shoes,Clothing,Shoes,76970
P0434,Martinez And Sons Novel,Books,Novel,27136
P0435,Kennedy-Castro Chair,Home,Chair,53032
P0436,Thomas-Johnson Mobile,Electronics,Mobile,14623
P0437,"Klein, Bond And Campbell Mobile",Electronics,Mobile,13356
P0438,"Vance, Williams And Moody Football",Sports,Football,94138
P0439,Bennett-Mcclain Novel,Books,Novel,31297
P0440,"Swanson, Dawson And Crawford Programming",Books,Programming,98390
P0441,"Lopez, Graham And Weber Sofa",Home,Sofa,77114
P0442,"Nichols, Anderson And Clay Mobile",Electronics,Mobile,79665
P0443,"Keith, Schwartz And Hahn Lamp",Home,Lamp,30418
P0444,Young Inc Football,Sports,Football,14981
P0445,Case-Farrell Smart Watch,Electronics,Smart Watch,19125
P0446,Swanson-Padilla Table,Home,Table,88838
P0447,"Mendoza, Herrera And Romero Novel",Books,Novel,50944
P0448,Thomas-Martin Novel,Books,Novel,71062
P0449,"Haney, Nichols And Swanson Novel",Books,Novel,84650
P0450,"Kim, Johnson And Fowler Sofa",Home,Sofa,25217
P0451,Flores-Werner Novel,Books,Novel,97681
P0452,Hartman Inc Comics,Books,Comics,24024
P0453,"Floyd, Barrera And Wells Football",Sports,Football,96408
P0454,"Edwards, Montoya And Freeman Sofa",Home,Sofa,12892
P0455,"Miller, Green And Mcknight Headphones",Electronics,Headphones,71939
P0456,"Green, Villarreal And Rivera Biography",Books,Biography,41382
P0457,Ward-Singh Lamp,Home,Lamp,46880
P0458,Fischer-Blackwell Smart Watch,Electronics,Smart Watch,16136
P0459,"Shaw, Farley And King Lamp",Home,Lamp,50276
P0460,Sanchez-Wright Lamp,Home,Lamp,27510
P0461,Bell And Sons Shoes,Clothing,Shoes,17959
P0462,"Watson, Carter And Morrison Football",Sports,Football,57358
P0463,"Jackson, Estrada And Wright Shoes",Clothing,Shoes,43047
P0464,Hines-Mcclure Shirt,Clothing,Shirt,35123
P0465,Perez Group Chair,Home,Chair,53485
P0466,Smith Plc Cricket Bat,Sports,Cricket Bat,14264
P0467,Casey Ltd Football,Sports,Football,25676
P0468,Ford-Torres Cricket Bat,Sports,Cricket Bat,36892
P0469,"Reyes, Holden And Garcia Jacket",Clothing,Jacket,67169
P0470,Simon-Pratt Sofa,Home,Sofa,47754
P0471,"Tran, Long And Richards Jacket",Clothing,Jacket,72225
P0472,Mason Ltd Cricket Bat,Sports,Cricket Bat,83777
P0473,Novak Inc Football,Sports,Football,22895
P0474,Edwards Plc Comics,Books,Comics,93242
P0475,Calhoun-Vang Comics,Books,Comics,34783
P0476,"Jones, Peterson And Lopez Jacket",Clothing,Jacket,16630
P0477,Torres-Fleming Comics,Books,Comics,55388
P0478,Brown And Sons Sofa,Home,Sofa,68789
P0479,Lang-Thomas Novel,Books,Novel,39368
P0480,"West, Brown And Murray Mobile",Electronics,Mobile,84391
P0481,"Booth, Khan And Lawson Shoes",Clothing,Shoes,58434
P0482,"Gordon, Brown And Rogers Headphones",Electronics,Headphones,42922
P0483,"Brown, Jackson And Hall Chair",Home,Chair,28150
P0484,Berger-Johnson Cricket Bat,Sports,Cricket Bat,22323
P0485,Kelly Ltd Badminton,Sports,Badminton,28327
P0486,"Berg, Rodriguez And Stafford Comics",Books,Comics,6117
P0487,"Greene, Evans And Butler Headphones",Electronics,Headphones,30617
P0488,Johns-Gray Gym Equipment,Sports,Gym Equipment,12735
P0489,Blackburn-Torres Jacket,Clothing,Jacket,97236
P0490,Edwards Inc Cricket Bat,Sports,Cricket Bat,38751
P0491,Johnson Llc Chair,Home,Chair,66658
P0492,Tyler Plc Shirt,Clothing,Shirt,31842
P0493,Zavala-Shields Shoes,Clothing,Shoes,12144
P0494,Harrington-Holt Headphones,Electronics,Headphones,68707
P0495,Goodman-Barnett Laptop,Electronics,Laptop,95021
P0496,Carney-Harris Table,Home,Table,59073
P0497,Johnson-Davies Novel,Books,Novel,50183
P0498,Maddox-Tate Jeans,Clothing,Jeans,30706
P0499,Kim And Sons Comics,Books,Comics,33520
P0500,Carlson-Sandoval Badminton,Sports,Badminton,19006
