Row ID,Order ID,Order Date,Ship Date,Ship Mode,Customer ID,Customer Name,Segment,Country,City,State,Postal Code,Region,Product ID,Category,Sub-Category,Product Name,Sales,Quantity,Discount,Profit
5685,CA-2014-164315,4/2/2014,4/8/2014,Standard Class,RD-19585,Rob Dowd,Consumer,United States,Athens,Georgia,30605,South,OFF-AP-10003842,Office Supplies,Appliances,Euro-Pro Shark Turbo Vacuum,185.88,5,0.0,44.3
8441,CA-2016-158302,12/8/2016,12/12/2016,Second Class,JB-16045,Julia Barnett,Home Office,United States,Columbus,Ohio,43229,East,OFF-PA-10002615,Office Supplies,Paper,"Ampad Gold Fibre Wirebound Steno Books, 6"" x 9"", Gregg Ruled",12.7,3,0.2,3.78
857,CA-2014-125612,8/3/2014,8/8/2014,Standard Class,BK-11260,Berenike Kampe,Consumer,United States,New York City,New York,10035,East,OFF-SU-10002537,Office Supplies,Supplies,Acme Box Cutter Scissors,122.76,10,0.0,29.26
4066,CA-2014-102673,11/1/2014,11/5/2014,Standard Class,KH-16630,Ken Heidel,Corporate,United States,Charlotte,North Carolina,28205,South,OFF-FA-10003021,Office Supplies,Fasteners,Staples,9.02,5,0.2,1.55
4309,NEW-10008,11/4/2014,11/11/2014,Standard Class,WB-21850,William Brown,Consumer,United States,Los Angeles,California,90045,West,TEC-PH-10001079,Technology,Phones,Polycom SoundPoint Pro SE-225 Corded phone,666.344,7,0.2,66.6344
9353,CA-2017-148411,9/24/2017,9/26/2017,First Class,RO-19780,Rose O'Brian,Consumer,United States,Chicago,Illinois,60623,Central,FUR-CH-10003973,Furniture,Chairs,GuestStacker Chair with Chrome Finish Legs,624.56,2,0.3,-16.36
32,US-2015-150630,9/17/2015,9/21/2015,Standard Class,TB-21520,Tracy Blumstein,Consumer,United States,Philadelphia,Pennsylvania,19140,East,OFF-AR-10004042,Office Supplies,Art,"BOSTON Model 1800 Electric Pencil Sharpeners, Putty/Woodgrain",103.56,6,0.2,10.68
6939,NEW-10005,11/5/2016,11/9/2016,Standard Class,NP-18700,Nora Preis,Consumer,United States,Seattle,Washington,98105,West,TEC-AC-10004420,Technology,Accessories,Cherry 142-key Programmable Keyboard,479.72,4,0.0,52.7692
6490,NEW-10016,9/19/2017,9/24/2017,Standard Class,JM-15535,Jessica Myrick,Consumer,United States,New York City,New York,10011,East,OFF-PA-10004782,Office Supplies,Paper,Xerox 228,32.4,5,0.0,15.552
5263,CA-2014-105165,9/7/2014,9/10/2014,First Class,SZ-20035,Sam Zeldin,Home Office,United States,Houston,Texas,77036,Central,FUR-TA-10004154,Furniture,Tables,"Riverside Furniture Oval Coffee Table, Oval End Table, End Table with Drawer",240.95,1,0.3,-25.24
8790,CA-2017-126914,6/15/2017,6/19/2017,Standard Class,JE-15715,Joe Elijah,Consumer,United States,Monroe,North Carolina,28110,South,FUR-BO-10000468,Furniture,Bookcases,O'Sullivan 2-Shelf Heavy-Duty Bookcases,93.27,2,0.2,-4.28
4823,CA-2016-134222,7/10/2016,7/11/2016,Same Day,NZ-18565,Nick Zandusky,Home Office,United States,Yuma,Arizona,85364,West,OFF-BI-10001658,Office Supplies,Binders,GBC Standard Therm-A-Bind Covers,53.83,6,0.7,-39.47
5736,CA-2014-111773,6/29/2014,7/3/2014,Standard Class,JK-15625,Jim Karlsson,Consumer,United States,New York City,New York,10024,East,OFF-BI-10000174,Office Supplies,Binders,"Wilson Jones Clip & Carry Folder Binder Tool for Ring Binders, Clear",16.7,3,0.2,5.36
8411,CA-2016-130820,11/15/2016,11/15/2016,Same Day,ON-18715,Odella Nelson,Corporate,United States,Burlington,North Carolina,27217,South,FUR-TA-10001768,Furniture,Tables,Hon Racetrack Conference Tables,756.03,4,0.4,-219.46
967,NEW-10037,4/9/2017,4/11/2017,First Class,BS-11800,Bryan Spruell,Home Office,United States,New York City,New York,10011,East,OFF-PA-10004621,Office Supplies,Paper,Xerox 212,12.96,2,0.0,6.2208
4316,CA-2015-115945,6/25/2015,7/1/2015,Standard Class,AB-10165,Alan Barnes,Consumer,United States,Los Angeles,California,90045,West,OFF-BI-10004330,Office Supplies,Binders,"GBC Velobind Prepunched Cover Sets, Regency Series",106.5,3,0.2,30.51
4925,CA-2017-114055,12/25/2017,12/29/2017,Second Class,MH-18115,Mick Hernandez,Home Office,United States,Huntsville,Alabama,35810,South,TEC-PH-10002890,Technology,Phones,AT&T 17929 Lendline Telephone,108.58,2,0.0,25.88
8366,CA-2017-157273,1/30/2017,2/2/2017,First Class,SZ-20035,Sam Zeldin,Home Office,United States,Seattle,Washington,98105,West,TEC-PH-10002275,Technology,Phones,Mitel 5320 IP Phone VoIP phone,725.72,4,0.2,66.52
6855,US-2017-162670,12/23/2017,12/28/2017,Second Class,MF-18250,Monica Federle,Corporate,United States,Little Rock,Arkansas,72209,South,OFF-ST-10001522,Office Supplies,Storage,"Gould Plastics 18-Pocket Panel Bin, 34w x 5-1/4d x 20-1/2h",441.55,4,0.0,16.19
5490,CA-2017-134495,4/1/2017,4/4/2017,Second Class,BF-11020,Barry Französisch,Corporate,United States,Jacksonville,Florida,32216,South,OFF-AP-10002222,Office Supplies,Appliances,Staple holder,24.97,3,0.2,2.0
361,CA-2017-155698,3/8/2017,3/11/2017,First Class,VB-21745,Victoria Brennan,Corporate,United States,Columbus,Georgia,31907,South,OFF-LA-10001158,Office Supplies,Labels,"Avery Address/Shipping Labels for Typewriters, 4"" x 2""",24.84,2,0.0,10.93
3840,NEW-10033,7/26/2014,8/2/2014,Standard Class,KM-16720,Kunst Miller,Consumer,United States,North Las Vegas,Nevada,89031,West,FUR-FU-10004018,Furniture,Furnishings,Tensor Computer Mounted Lamp,134.01,9,0.0,36.1827
6572,CA-2014-100678,4/18/2014,4/22/2014,Standard Class,KM-16720,Kunst Miller,Consumer,United States,Houston,Texas,77095,Central,TEC-AC-10000474,Technology,Accessories,Kensington Expert Mouse Optical USB Trackball for PC or Mac,273.57,3,0.2,31.35
9407,CA-2014-152618,3/14/2014,3/17/2014,First Class,RB-19465,Rick Bensley,Home Office,United States,Chicago,Illinois,60653,Central,OFF-PA-10001215,Office Supplies,Paper,Xerox 1963,10.14,2,0.2,2.9
8779,NEW-10046,12/13/2017,12/18/2017,Standard Class,BP-11095,Bart Pistole,Corporate,United States,New York City,New York,10024,East,FUR-BO-10004015,Furniture,Bookcases,"Bush Andora Bookcase, Maple/Graphite Gray Finish",287.976,3,0.2,7.1994
3216,NEW-10010,7/8/2017,7/10/2017,First Class,VG-21790,Vivek Gonzalez,Consumer,United States,San Mateo,California,94403,West,OFF-LA-10002762,Office Supplies,Labels,Avery 485,75.18,6,0.0,35.3346
3743,CA-2016-137848,1/15/2016,1/21/2016,Standard Class,WB-21850,William Brown,Consumer,United States,New York City,New York,10011,East,OFF-PA-10004285,Office Supplies,Paper,Xerox 1959,72.14,9,0.0,31.74
4773,CA-2017-119746,11/23/2017,11/27/2017,Standard Class,CM-12385,Christopher Martinez,Consumer,United States,Chicago,Illinois,60610,Central,FUR-FU-10004909,Furniture,Furnishings,Contemporary Wood/Metal Frame,7.76,1,0.6,-4.44
7908,NEW-10015,7/30/2016,8/2/2016,First Class,RW-19630,Rob Williams,Corporate,United States,San Francisco,California,94122,West,OFF-AP-10003849,Office Supplies,Appliances,Hoover Shoulder Vac Commercial Portable Vacuum,715.64,2,0.0,178.91
958,NEW-10007,5/15/2017,5/18/2017,Second Class,JA-15970,Joseph Airdo,Consumer,United States,Phoenix,Arizona,85023,West,OFF-BI-10004465,Office Supplies,Binders,Avery Durable Slant Ring Binders,4.752,2,0.7,-3.168
533,US-2017-129441,9/7/2017,9/11/2017,Standard Class,JC-15340,Jasper Cacioppo,Consumer,United States,Los Angeles,California,90032,West,FUR-FU-10000448,Furniture,Furnishings,Tenex Chairmats For Use With Carpeted Floors,57.53,3,0.0,2.64
6015,CA-2016-159016,3/10/2016,3/11/2016,First Class,KF-16285,Karen Ferguson,Home Office,United States,Los Angeles,California,90008,West,TEC-PH-10002885,Technology,Phones,Apple iPhone 5,4990.69,8,0.2,400.3
40,CA-2015-117415,12/27/2015,12/31/2015,Standard Class,SN-20710,Steve Nguyen,Home Office,United States,Houston,Texas,77041,Central,FUR-CH-10004218,Furniture,Chairs,"Global Fabric Manager's Chair, Dark Gray",254.47,3,0.3,-16.66
7874,NEW-10028,10/3/2016,10/7/2016,Standard Class,DB-12910,Daniel Byrd,Home Office,United States,Lake Forest,California,92630,West,OFF-PA-10004610,Office Supplies,Paper,Xerox 1900,8.56,2,0.0,3.852
7135,CA-2017-141439,11/26/2017,12/1/2017,Standard Class,TT-21460,Tonja Turnell,Home Office,United States,Richmond,Indiana,47374,Central,TEC-PH-10001819,Technology,Phones,Innergie mMini Combo Duo USB Travel Charging Kit,107.98,2,0.0,47.51
7826,CA-2015-127327,2/3/2015,2/7/2015,Standard Class,PW-19030,Pauline Webber,Corporate,United States,Rome,New York,13440,East,FUR-CH-10004218,Furniture,Chairs,"Global Fabric Manager's Chair, Dark Gray",109.06,1,0.1,16.66
6673,CA-2015-153794,9/11/2015,9/16/2015,Standard Class,SB-20290,Sean Braxton,Corporate,United States,San Diego,California,92024,West,OFF-AR-10000380,Office Supplies,Art,"Hunt PowerHouse Electric Pencil Sharpener, Blue",319.03,7,0.0,87.73
5172,CA-2016-122903,5/27/2016,5/29/2016,Second Class,LA-16780,Laura Armstrong,Corporate,United States,Detroit,Michigan,48205,Central,OFF-PA-10001790,Office Supplies,Paper,Xerox 1910,172.94,3,0.0,76.1
7443,NEW-10030,12/9/2014,12/11/2014,First Class,VP-21760,Victoria Pisteka,Corporate,United States,Brownsville,Texas,78521,Central,OFF-PA-10001804,Office Supplies,Paper,Xerox 195,10.688,2,0.2,3.7408
2288,US-2017-112928,6/1/2017,6/5/2017,Second Class,BB-10990,Barry Blumstein,Corporate,United States,Toledo,Ohio,43615,East,OFF-AP-10002287,Office Supplies,Appliances,"Eureka Sanitaire  Multi-Pro Heavy-Duty Upright, Disposable Bags",20.98,5,0.2,1.44
4985,CA-2015-160696,9/6/2015,9/10/2015,Standard Class,CK-12760,Cyma Kinney,Corporate,United States,Nashville,Tennessee,37211,South,OFF-FA-10003059,Office Supplies,Fasteners,Assorted Color Push Pins,8.69,5,0.2,1.29
1275,NEW-10019,5/26/2016,5/26/2016,Same Day,MS-17710,Maurice Satty,Consumer,United States,Fort Worth,Texas,76106,Central,FUR-CH-10001973,Furniture,Chairs,Office Star Flex Back Scooter Chair with White Frame,388.43,5,0.3,-88.784
9193,CA-2015-141810,11/2/2015,11/7/2015,Standard Class,BB-10990,Barry Blumstein,Corporate,United States,San Antonio,Texas,78207,Central,OFF-BI-10001524,Office Supplies,Binders,GBC Premium Transparent Covers with Diagonal Lined Pattern,35.25,7,0.8,-51.69
6923,NEW-10045,3/16/2015,3/19/2015,Second Class,MS-17710,Maurice Satty,Consumer,United States,Auburn,Alabama,36830,South,OFF-LA-10003930,Office Supplies,Labels,"Dot Matrix Printer Tape Reel Labels, White, 5000/Box",491.55,5,0.0,240.8595
2292,CA-2015-149342,4/20/2015,4/25/2015,Standard Class,TS-21160,Theresa Swint,Corporate,United States,Columbus,Georgia,31907,South,FUR-FU-10002937,Furniture,Furnishings,"GE 48"" Fluorescent Tube, Cool White Energy Saver, 34 Watts, 30/Box",714.46,6,0.0,327.46
1881,CA-2015-109512,3/5/2015,3/5/2015,Same Day,LF-17185,Luke Foster,Consumer,United States,New York City,New York,10011,East,OFF-EN-10002621,Office Supplies,Envelopes,Staple envelope,35.21,3,0.0,16.14
4029,CA-2017-139311,8/11/2017,8/13/2017,First Class,SF-20965,Sylvia Foulston,Corporate,United States,Bedford,Texas,76021,Central,OFF-BI-10004209,Office Supplies,Binders,"Fellowes Twister Kit, Gray/Clear, 3/pkg",15.44,8,0.8,-24.76
1898,CA-2014-169775,8/29/2014,9/2/2014,Second Class,RA-19945,Ryan Akin,Consumer,United States,Miami,Florida,33178,South,OFF-EN-10001749,Office Supplies,Envelopes,Jiffy Padded Mailers with Self-Seal Closure,35.77,2,0.2,11.89
4124,CA-2017-133823,5/11/2017,5/12/2017,Same Day,LP-17080,Liz Pelletier,Consumer,United States,Seattle,Washington,98103,West,OFF-BI-10000962,Office Supplies,Binders,"Acco Flexible ACCOHIDE Square Ring Data Binder, Dark Blue, 11 1/2"" X 14"" 7/8""",31.24,2,0.2,10.38
734,CA-2017-131954,1/21/2017,1/25/2017,Standard Class,DS-13030,Darrin Sayre,Home Office,United States,Seattle,Washington,98115,West,TEC-AC-10003610,Technology,Accessories,Logitech Illuminated - Keyboard,215.96,3,0.0,95.02
2996,US-2014-150532,7/14/2014,7/21/2014,Standard Class,PB-19150,Philip Brown,Consumer,United States,Phoenix,Arizona,85023,West,OFF-ST-10000760,Office Supplies,Storage,Eldon Fold 'N Roll Cart System,67.1,5,0.2,6.92
4269,NEW-10040,11/5/2016,11/9/2016,Standard Class,EP-13915,Emily Phan,Consumer,United States,Houston,Texas,77036,Central,TEC-AC-10004001,Technology,Accessories,Logitech Wireless Headset H600 Over-The-Head Design,171.96,5,0.2,45.1395
1370,US-2015-103471,12/24/2015,12/28/2015,Standard Class,JR-15670,Jim Radford,Consumer,United States,Colorado Springs,Colorado,80906,West,FUR-BO-10002613,Furniture,Bookcases,"Atlantic Metals Mobile 4-Shelf Bookcases, Custom Colors",708.07,7,0.7,-865.42
972,CA-2014-115791,1/16/2014,1/18/2014,Second Class,DL-13315,Delfina Latchford,Consumer,United States,Philadelphia,Pennsylvania,19134,East,TEC-PH-10004614,Technology,Phones,AT&T 841000 Phone,149.04,3,0.4,-34.16
8799,US-2016-150140,4/6/2016,4/10/2016,Standard Class,VM-21685,Valerie Mitchum,Home Office,United States,Burlington,Vermont,5408,East,TEC-PH-10002555,Technology,Phones,Nortel Meridian M5316 Digital phone,1553.7,5,0.0,370.3
7423,US-2016-114013,3/13/2016,3/15/2016,Second Class,SC-20770,Stewart Carmichael,Corporate,United States,Philadelphia,Pennsylvania,19134,East,TEC-MA-10001148,Technology,Machines,Okidata MB491 Multifunction Printer,538.92,3,0.7,-708.08
3051,US-2017-148054,10/6/2017,10/11/2017,Standard Class,NZ-18565,Nick Zandusky,Home Office,United States,Meridian,Idaho,83642,West,FUR-FU-10003247,Furniture,Furnishings,36X48 HARDFLOOR CHAIRMAT,50.35,2,0.0,3.23
9738,CA-2017-129294,3/16/2017,3/21/2017,Standard Class,KD-16615,Ken Dana,Corporate,United States,Los Angeles,California,90032,West,OFF-ST-10002615,Office Supplies,Storage,"Dual Level, Single-Width Filing Carts",372.14,2,0.0,88.69
5995,CA-2016-162187,12/11/2016,12/11/2016,Same Day,NS-18640,Noel Staavos,Corporate,United States,Columbus,Ohio,43229,East,OFF-SU-10004782,Office Supplies,Supplies,"Elite 5"" Scissors",16.22,2,0.2,1.86
4904,CA-2017-110884,3/7/2017,3/12/2017,Standard Class,SH-20395,Shahid Hopkins,Consumer,United States,New York City,New York,10035,East,OFF-LA-10003510,Office Supplies,Labels,"Avery 4027 File Folder Labels for Dot Matrix Printers, 5000 Labels per Box, White",109.91,3,0.0,46.34
7200,US-2015-156797,8/11/2015,8/15/2015,Standard Class,PO-19180,Philisse Overcash,Home Office,United States,New York City,New York,10035,East,TEC-PH-10004614,Technology,Phones,AT&T 841000 Phone,165.6,2,0.0,37.95
9050,CA-2014-124513,9/21/2014,9/25/2014,Standard Class,SL-20155,Sara Luxemburg,Home Office,United States,New York City,New York,10011,East,OFF-AR-10002956,Office Supplies,Art,Boston 16801 Nautilus Battery Pencil Sharpener,79.24,3,0.0,18.88
6251,CA-2017-121580,5/29/2017,6/4/2017,Standard Class,ML-17410,Maris LaWare,Consumer,United States,Columbus,Indiana,47201,Central,OFF-PA-10004082,Office Supplies,Paper,"Adams Telephone Message Book w/Frequently-Called Numbers Space, 400 Messages per Book",9.58,1,0.0,4.39
8383,NEW-10020,2/8/2016,2/15/2016,Standard Class,MH-17440,Mark Haberlin,Corporate,United States,Houston,Texas,77036,Central,FUR-CH-10001270,Furniture,Chairs,Harbour Creations Steel Folding Chair,241.5,4,0.3,0.0
2759,CA-2016-146171,3/11/2016,3/15/2016,Standard Class,JP-16135,Julie Prescott,Home Office,United States,Columbus,Georgia,31907,South,FUR-FU-10004270,Furniture,Furnishings,"Executive Impressions 13"" Clairmont Wall Clock",92.3,4,0.0,34.69
3298,US-2015-110569,5/23/2015,5/30/2015,Standard Class,EB-13870,Emily Burns,Consumer,United States,Phoenix,Arizona,85023,West,OFF-AP-10004708,Office Supplies,Appliances,Fellowes Superior 10 Outlet Split Surge Protector,146.15,4,0.2,15.07
8335,NEW-10018,3/9/2016,3/12/2016,First Class,PS-18760,Pamela Stobb,Consumer,United States,Andover,Massachusetts,1810,East,OFF-BI-10004632,Office Supplies,Binders,GBC Binding covers,51.8,4,0.0,23.31
108,CA-2017-119004,11/23/2017,11/28/2017,Standard Class,JM-15250,Janet Martin,Consumer,United States,Charlotte,North Carolina,28205,South,TEC-PH-10002844,Technology,Phones,Speck Products Candyshell Flip Case,33.59,1,0.2,2.31
1069,US-2017-139955,9/28/2017,9/30/2017,Second Class,CM-12160,Charles McCrossin,Consumer,United States,Brownsville,Texas,78521,Central,OFF-SU-10001935,Office Supplies,Supplies,Staple remover,2.09,1,0.2,-0.38
5550,CA-2014-159800,11/28/2014,12/1/2014,First Class,SG-20470,Sheri Gordon,Consumer,United States,San Francisco,California,94109,West,TEC-AC-10003447,Technology,Accessories,Micropad Numeric Keypads,167.92,7,0.0,38.48
2091,NEW-10047,7/15/2017,7/19/2017,Standard Class,MM-17260,Magdelene Morse,Consumer,United States,Wilmington,Delaware,19805,East,OFF-BI-10004094,Office Supplies,Binders,GBC Standard Plastic Binding Systems Combs,26.55,3,0.0,13.0095
6743,US-2017-101784,7/6/2017,7/11/2017,Standard Class,PO-18850,Patrick O'Brill,Consumer,United States,Los Angeles,California,90008,West,FUR-CH-10001146,Furniture,Chairs,"Global Task Chair, Black",146.56,3,0.2,-15.11
674,CA-2017-130351,12/5/2017,12/8/2017,First Class,RB-19570,Rob Beeghly,Consumer,United States,Columbus,Indiana,47201,Central,OFF-AP-10004532,Office Supplies,Appliances,Kensington 6 Outlet Guardian Standard Surge Protector,73.73,3,0.0,18.25
260,CA-2017-163139,12/1/2017,12/3/2017,Second Class,CC-12670,Craig Carreira,Consumer,United States,New York City,New York,10009,East,OFF-ST-10002790,Office Supplies,Storage,Safco Industrial Shelving,265.86,3,0.0,7.31
1618,CA-2015-130022,8/10/2015,8/16/2015,Standard Class,JK-16120,Julie Kriz,Home Office,United States,Eagan,Minnesota,55122,Central,OFF-AR-10001915,Office Supplies,Art,Peel-Off China Markers,35.75,3,0.0,13.76
9800,CA-2015-128608,1/12/2015,1/17/2015,Standard Class,CS-12490,Cindy Schnelling,Corporate,United States,Toledo,Ohio,43615,East,TEC-AC-10000487,Technology,Accessories,SanDisk Cruzer 4 GB USB Flash Drive,12.46,2,0.2,2.43
1982,CA-2015-119592,12/14/2015,12/16/2015,Second Class,MM-18280,Muhammed MacIntyre,Corporate,United States,Columbus,Georgia,31907,South,OFF-BI-10004187,Office Supplies,Binders,3-ring staple pack,4.51,2,0.0,1.99
8469,NEW-10021,11/11/2016,11/17/2016,Standard Class,AS-10285,Alejandro Savely,Corporate,United States,Noblesville,Indiana,46060,Central,FUR-TA-10001950,Furniture,Tables,Balt Solid Wood Round Tables,2678.94,6,0.0,241.1046
6458,NEW-10003,8/5/2014,8/11/2014,Standard Class,SP-20650,Stephanie Phelps,Corporate,United States,New York City,New York,10009,East,OFF-AR-10004165,Office Supplies,Art,"Binney & Smith inkTank Erasable Pocket Highlighter, Chisel Tip, Yellow",15.96,7,0.0,7.0224
800,CA-2015-101910,11/27/2015,12/3/2015,Standard Class,CD-11920,Carlos Daly,Consumer,United States,Lake Elsinore,California,92530,West,FUR-CH-10002647,Furniture,Chairs,"Situations Contoured Folding Chairs, 4/Set",340.7,5,0.2,19.52
202,NEW-10002,8/3/2014,8/5/2014,First Class,BS-11755,Bruce Stewart,Consumer,United States,Denver,Colorado,80219,West,FUR-TA-10004289,Furniture,Tables,BoxOffice By Design Rectangular and Half-Moon Meeting Room Tables,218.75,2,0.5,-161.875
9952,CA-2017-121559,6/1/2017,6/3/2017,Second Class,HW-14935,Helen Wasserman,Corporate,United States,Indianapolis,Indiana,46203,Central,OFF-BI-10002072,Office Supplies,Binders,Cardinal Slant-D Ring Binders,20.86,2,0.0,9.56
1761,CA-2015-130785,9/5/2015,9/9/2015,Standard Class,AG-10900,Arthur Gainer,Consumer,United States,San Diego,California,92105,West,FUR-BO-10000330,Furniture,Bookcases,"Sauder Camden County Barrister Bookcase, Planked Cherry Finish",493.6,4,0.15,-5.32
5324,CA-2017-134439,9/18/2017,9/23/2017,Second Class,TM-21010,Tamara Manning,Consumer,United States,Grand Island,Nebraska,68801,Central,OFF-PA-10004082,Office Supplies,Paper,"Adams Telephone Message Book w/Frequently-Called Numbers Space, 400 Messages per Book",19.15,2,0.0,8.78
2359,US-2014-148838,3/17/2014,3/21/2014,Standard Class,CP-12340,Christine Phan,Corporate,United States,New York City,New York,10024,East,FUR-TA-10001950,Furniture,Tables,Balt Solid Wood Round Tables,1285.89,4,0.4,-609.01
2037,NEW-10034,1/23/2015,1/27/2015,Standard Class,CW-11905,Carl Weiss,Home Office,United States,Bozeman,Montana,59715,West,OFF-PA-10002893,Office Supplies,Paper,"Wirebound Service Call Books, 5 1/2"" x 4""",29.04,3,0.0,13.9392
6120,CA-2017-143378,9/19/2017,9/25/2017,Standard Class,JR-16210,Justin Ritter,Corporate,United States,Springfield,Oregon,97477,West,OFF-AR-10001915,Office Supplies,Art,Peel-Off China Markers,28.6,3,0.2,7.21
5665,CA-2016-141957,7/21/2016,7/21/2016,Same Day,JG-15310,Jason Gross,Corporate,United States,Newark,Ohio,43055,East,OFF-BI-10001116,Office Supplies,Binders,"Wilson Jones 1"" Hanging DublLock Ring Binders",13.31,7,0.7,-8.94
5823,CA-2017-117632,5/12/2017,5/18/2017,Standard Class,CS-12175,Charles Sheldon,Corporate,United States,San Francisco,California,94122,West,FUR-TA-10001520,Furniture,Tables,"Lesro Sheffield Collection Coffee Table, End Table, Center Table, Corner Table",342.58,5,0.2,-11.78
7558,NEW-10006,11/27/2017,12/2/2017,Standard Class,JR-16210,Justin Ritter,Corporate,United States,Columbus,Indiana,47201,Central,OFF-BI-10004519,Office Supplies,Binders,GBC DocuBind P100 Manual Binding Machine,497.94,3,0.0,224.073
1442,CA-2017-128160,12/19/2017,12/24/2017,Second Class,MM-17920,Michael Moore,Consumer,United States,San Francisco,California,94110,West,OFF-BI-10001510,Office Supplies,Binders,Deluxe Heavy-Duty Vinyl Round Ring Binder,44.01,2,0.2,12.61
1672,CA-2016-107615,3/22/2016,3/25/2016,First Class,RB-19645,Robert Barroso,Corporate,United States,North Las Vegas,Nevada,89031,West,TEC-AC-10001013,Technology,Accessories,Logitech ClearChat Comfort/USB Headset H390,70.3,2,0.0,21.26
3379,CA-2017-142867,3/17/2017,3/21/2017,Standard Class,PO-19180,Philisse Overcash,Home Office,United States,Houston,Texas,77095,Central,OFF-BI-10003166,Office Supplies,Binders,GBC Plasticlear Binding Covers,16.53,6,0.8,-24.25
1278,CA-2016-148698,5/2/2016,5/7/2016,Standard Class,BD-11770,Bryan Davis,Consumer,United States,Houston,Texas,77070,Central,OFF-AR-10004022,Office Supplies,Art,Panasonic KP-380BK Classic Electric Pencil Sharpener,103.62,3,0.2,5.94
6005,CA-2017-107244,9/7/2017,9/11/2017,Standard Class,AG-10390,Allen Goldenen,Consumer,United States,Los Angeles,California,90004,West,FUR-FU-10002597,Furniture,Furnishings,"C-Line Magnetic Cubicle Keepers, Clear Polypropylene",23.71,4,0.0,9.13
7999,US-2014-148194,5/4/2014,5/7/2014,First Class,BS-11365,Bill Shonely,Corporate,United States,Seattle,Washington,98105,West,FUR-FU-10001852,Furniture,Furnishings,"Eldon Regeneration Recycled Desk Accessories, Smoke",14.62,7,0.0,4.29
3661,CA-2016-161676,7/18/2016,7/23/2016,Standard Class,JP-15460,Jennifer Patt,Corporate,United States,Glendale,Arizona,85301,West,OFF-SU-10004782,Office Supplies,Supplies,"Elite 5"" Scissors",40.56,5,0.2,4.65
5636,NEW-10035,9/3/2017,9/8/2017,Standard Class,SC-20050,Sample Company A,Home Office,United States,La Mesa,California,91941,West,OFF-BI-10002225,Office Supplies,Binders,"Square Ring Data Binders, Rigid 75 Pt. Covers, 11"" x 14-7/8""",82.56,5,0.2,28.896
1156,CA-2014-136567,12/20/2014,12/21/2014,First Class,PS-19045,Penelope Sewall,Home Office,United States,Harrisonburg,Virginia,22801,South,FUR-TA-10001932,Furniture,Tables,"Chromcraft 48"" x 96"" Racetrack Double Pedestal Table",2693.38,7,0.0,543.16
252,CA-2016-145625,9/11/2016,9/17/2016,Standard Class,KC-16540,Kelly Collister,Consumer,United States,San Diego,California,92037,West,TEC-AC-10003832,Technology,Accessories,Logitech P710e Mobile Speakerphone,4016.84,13,0.0,699.6
107,CA-2017-119004,11/23/2017,11/28/2017,Standard Class,JM-15250,Janet Martin,Consumer,United States,Charlotte,North Carolina,28205,South,TEC-AC-10003499,Technology,Accessories,Memorex Mini Travel Drive 8 GB USB 2.0 Flash Drive,88.93,8,0.2,19.36
8118,US-2017-113201,6/30/2017,7/5/2017,Standard Class,TT-21220,Thomas Thornton,Consumer,United States,Los Angeles,California,90045,West,OFF-PA-10000675,Office Supplies,Paper,Xerox 1919,245.94,5,0.0,110.47
5609,CA-2015-168634,12/6/2015,12/11/2015,Standard Class,AF-10870,Art Ferguson,Consumer,United States,San Francisco,California,94109,West,OFF-AP-10001626,Office Supplies,Appliances,"Commercial WindTunnel Clean Air Upright Vacuum, Replacement Belts, Filtration Bags",9.34,2,0.0,2.23
305,CA-2015-144253,5/4/2015,5/9/2015,Second Class,AS-10225,Alan Schoenberger,Corporate,United States,New York City,New York,10024,East,FUR-FU-10002671,Furniture,Furnishings,Electrix 20W Halogen Replacement Bulb for Zoom-In Desk Lamp,32.16,2,0.0,14.15
6888,CA-2017-120222,4/25/2017,5/2/2017,Standard Class,LL-16840,Lauren Leatherbury,Consumer,United States,Los Angeles,California,90032,West,OFF-PA-10004675,Office Supplies,Paper,"Telephone Message Books with Fax/Mobile Section, 5 1/2"" x 3 3/16""",22.86,3,0.0,9.64
7475,CA-2014-167199,1/6/2014,1/10/2014,Standard Class,ME-17320,Maria Etezadi,Home Office,United States,Henderson,Kentucky,42420,South,FUR-CH-10004063,Furniture,Chairs,Global Deluxe High-Back Manager's Chair,3088.58,9,0.0,821.05
3888,CA-2014-100895,6/2/2014,6/6/2014,Standard Class,SV-20785,Stewart Visinsky,Consumer,United States,Roswell,Georgia,30076,South,OFF-AR-10004511,Office Supplies,Art,"Sanford Colorific Scented Colored Pencils, 12/Pack",10.27,2,0.0,2.92
1072,CA-2016-152814,4/28/2016,5/2/2016,Standard Class,EH-14005,Erica Hernandez,Home Office,United States,Denver,Colorado,80219,West,OFF-PA-10001970,Office Supplies,Paper,Xerox 1881,35.37,3,0.2,10.94
5507,US-2016-162026,10/8/2016,10/8/2016,Same Day,JE-15745,Joel Eaton,Consumer,United States,Los Angeles,California,90036,West,OFF-PA-10000167,Office Supplies,Paper,Xerox 1925,74.35,2,0.0,30.67
1727,CA-2015-127453,12/19/2015,12/20/2015,First Class,JK-15370,Jay Kimmel,Consumer,United States,Philadelphia,Pennsylvania,19143,East,OFF-AP-10003860,Office Supplies,Appliances,Fellowes Advanced 8 Outlet Surge Suppressor with Phone/Fax Protection,106.6,4,0.2,8.55
7598,CA-2014-131947,9/17/2014,9/22/2014,Standard Class,JA-15970,Joseph Airdo,Consumer,United States,Springfield,Oregon,97477,West,OFF-AR-10001473,Office Supplies,Art,Newell 313,6.3,2,0.2,0.51
2083,NEW-10026,2/23/2017,3/1/2017,Standard Class,CK-12595,Clytie Kelty,Consumer,United States,Los Angeles,California,90008,West,OFF-PA-10002870,Office Supplies,Paper,"Ampad Phone Message Book, Recycled, 400 Message Capacity, 5 ¾ x 11",37.44,6,0.0,16.848
8720,CA-2016-120824,6/12/2016,6/16/2016,Second Class,AW-10930,Arthur Wiediger,Home Office,United States,Houston,Texas,77070,Central,OFF-PA-10000232,Office Supplies,Paper,Xerox 1975,18.66,3,0.2,6.2
7363,CA-2016-163594,4/12/2016,4/14/2016,First Class,JF-15295,Jason Fortune-,Consumer,United States,Los Angeles,California,90036,West,OFF-BI-10003707,Office Supplies,Binders,Aluminum Screw Posts,43.95,3,0.2,15.11
3457,NEW-10011,9/16/2017,9/18/2017,First Class,AS-10090,Adam Shillingsburg,Consumer,United States,Philadelphia,Pennsylvania,19143,East,TEC-AC-10001109,Technology,Accessories,Logitech Trackman Marble Mouse,71.976,3,0.2,19.7934
2490,NEW-10041,10/9/2015,10/13/2015,Second Class,TB-21250,Tim Brockman,Consumer,United States,New York City,New York,10024,East,TEC-PH-10001835,Technology,Phones,Jawbone JAMBOX Wireless Bluetooth Speaker,631.96,4,0.0,303.3408
627,NEW-10024,9/15/2017,9/19/2017,Standard Class,MO-17800,Meg O'Connel,Home Office,United States,New York City,New York,10009,East,FUR-FU-10000221,Furniture,Furnishings,"Master Caster Door Stop, Brown",35.56,7,0.0,12.0904
2317,NEW-10050,7/20/2017,7/25/2017,Standard Class,EM-13825,Elizabeth Moffitt,Corporate,United States,Sioux Falls,South Dakota,57103,Central,FUR-CH-10003833,Furniture,Chairs,Novimex Fabric Task Chair,182.94,3,0.0,27.441
4569,CA-2015-111990,11/8/2015,11/13/2015,Standard Class,DB-13660,Duane Benoit,Consumer,United States,Houston,Texas,77095,Central,OFF-BI-10003291,Office Supplies,Binders,Wilson Jones Leather-Like Binders with DublLock Round Rings,12.57,6,0.8,-19.01
3119,CA-2015-121720,6/11/2015,6/12/2015,First Class,JE-15610,Jim Epp,Corporate,United States,Lakeland,Florida,33801,South,FUR-CH-10003312,Furniture,Chairs,Hon 2090 Pillow Soft Series Mid Back Swivel/Tilt Chairs,1348.7,5,0.2,-200.9
7331,NEW-10023,11/12/2016,11/13/2016,First Class,SP-20650,Stephanie Phelps,Corporate,United States,Chicago,Illinois,60623,Central,FUR-FU-10001037,Furniture,Furnishings,"DAX Charcoal/Nickel-Tone Document Frame, 5 x 7",22.752,6,0.6,-8.532
8865,CA-2015-125934,9/11/2015,9/18/2015,Standard Class,SN-20560,Skye Norling,Home Office,United States,Paterson,New Jersey,7501,East,OFF-PA-10000556,Office Supplies,Paper,Xerox 208,46.66,6,0.0,20.53
8732,NEW-10017,7/31/2015,8/6/2015,Standard Class,SC-20695,Steve Chapman,Corporate,United States,Saint Louis,Missouri,63116,Central,OFF-SU-10002573,Office Supplies,Supplies,"Acme 10"" Easy Grip Assistive Scissors",52.59,3,0.0,15.777
7302,NEW-10022,11/18/2014,11/21/2014,First Class,JK-15730,Joe Kamberova,Consumer,United States,Des Plaines,Illinois,60016,Central,OFF-BI-10004728,Office Supplies,Binders,Wilson Jones Turn Tabs Binder Tool for Ring Binders,2.892,3,0.8,-4.9164
8431,US-2014-113124,3/30/2014,4/5/2014,Standard Class,NC-18340,Nat Carroll,Consumer,United States,Apple Valley,Minnesota,55124,Central,OFF-ST-10001511,Office Supplies,Storage,Space Solutions Commercial Steel Shelving,155.16,2,0.0,7.11
9874,CA-2016-100587,12/10/2016,12/14/2016,Standard Class,SL-20155,Sara Luxemburg,Home Office,United States,New York City,New York,10024,East,OFF-PA-10004609,Office Supplies,Paper,Xerox 221,7.78,1,0.0,3.42
3224,NEW-10025,10/2/2014,10/5/2014,First Class,ES-14080,Erin Smith,Corporate,United States,Tempe,Arizona,85281,West,OFF-FA-10000735,Office Supplies,Fasteners,Staples,4.672,2,0.2,1.46
6221,CA-2016-160220,10/20/2016,10/26/2016,Standard Class,JS-16030,Joy Smith,Consumer,United States,Trenton,Michigan,48183,Central,OFF-ST-10000617,Office Supplies,Storage,Woodgrain Magazine Files by Perma,25.03,7,0.0,1.61
6753,CA-2016-154767,6/28/2016,6/30/2016,Second Class,BP-11155,Becky Pak,Consumer,United States,Paterson,New Jersey,7501,East,OFF-PA-10003039,Office Supplies,Paper,Xerox 1960,74.35,2,0.0,30.67
8053,CA-2014-109904,7/14/2014,7/17/2014,Second Class,BF-10975,Barbara Fisher,Corporate,United States,New York City,New York,10009,East,OFF-AR-10004999,Office Supplies,Art,Newell 315,21.53,3,0.0,4.93
3313,US-2014-133130,9/27/2014,10/1/2014,Standard Class,TH-21100,Thea Hendricks,Consumer,United States,San Diego,California,92037,West,FUR-CH-10002602,Furniture,Chairs,DMI Arturo Collection Mission-style Design Wood Chair,724.7,5,0.2,49.82
4923,CA-2017-114055,12/25/2017,12/29/2017,Second Class,MH-18115,Mick Hernandez,Home Office,United States,Huntsville,Alabama,35810,South,OFF-FA-10003059,Office Supplies,Fasteners,Assorted Color Push Pins,4.34,2,0.0,1.31
7373,US-2017-123862,1/7/2017,1/9/2017,Second Class,JF-15190,Jamie Frazer,Consumer,United States,Long Beach,California,90805,West,OFF-ST-10002301,Office Supplies,Storage,Tennsco Commercial Shelving,73.22,3,0.0,0.67
3983,NEW-10038,7/7/2016,7/9/2016,Second Class,CC-12370,Christopher Conant,Consumer,United States,Los Angeles,California,90045,West,FUR-CH-10003061,Furniture,Chairs,"Global Leather Task Chair, Black",287.968,4,0.2,-3.5996
5291,NEW-10001,9/8/2014,9/15/2014,Standard Class,KT-16465,Kean Takahito,Consumer,United States,Houston,Texas,77036,Central,FUR-CH-10004287,Furniture,Chairs,SAFCO Arco Folding Chair,966.7,5,0.3,-13.81
1254,CA-2017-144638,3/10/2017,3/14/2017,Standard Class,MH-18115,Mick Hernandez,Home Office,United States,Chester,Pennsylvania,19013,East,OFF-AR-10003958,Office Supplies,Art,Newell 337,6.3,2,0.2,0.65
2992,CA-2016-139010,2/21/2016,2/26/2016,Second Class,MC-17635,Matthew Clasen,Corporate,United States,Los Angeles,California,90032,West,OFF-BI-10002309,Office Supplies,Binders,Avery Heavy-Duty EZD  Binder With Locking Rings,37.5,7,0.2,12.03
5225,NEW-10031,9/12/2017,9/17/2017,Second Class,JM-15865,John Murray,Consumer,United States,Los Angeles,California,90036,West,OFF-PA-10004071,Office Supplies,Paper,"Eaton Premium Continuous-Feed Paper, 25% Cotton, Letter Size, White, 1000 Shts/Box",166.44,3,0.0,79.8912
9240,CA-2017-110310,10/27/2017,11/2/2017,Standard Class,NB-18655,Nona Balk,Corporate,United States,Tallahassee,Florida,32303,South,OFF-PA-10001685,Office Supplies,Paper,Easy-staple paper,68.14,7,0.2,22.64
4683,CA-2016-127698,12/1/2016,12/1/2016,Same Day,MV-18190,Mike Vittorini,Consumer,United States,Raleigh,North Carolina,27604,South,TEC-PH-10003811,Technology,Phones,Jabra Supreme Plus Driver Edition Headset,1036.71,9,0.2,95.03
583,CA-2017-145233,12/1/2017,12/5/2017,Standard Class,DV-13465,Dianna Vittorini,Consumer,United States,Denver,Colorado,80219,West,TEC-PH-10000586,Technology,Phones,AT&T SB67148 SynJ,126.7,2,0.2,10.16
6028,CA-2017-136007,2/23/2017,3/2/2017,Standard Class,AC-10615,Ann Chong,Corporate,United States,Seattle,Washington,98115,West,TEC-PH-10003589,Technology,Phones,invisibleSHIELD by ZAGG Smudge-Free Screen Protector,86.35,5,0.2,27.7
7364,CA-2016-127243,11/28/2016,12/4/2016,Standard Class,DS-13180,David Smith,Corporate,United States,Philadelphia,Pennsylvania,19140,East,TEC-PH-10004539,Technology,Phones,Wireless Extenders zBoost YX545 SOHO Signal Booster,408.22,3,0.4,-81.08
669,CA-2014-156314,12/24/2014,12/26/2014,First Class,RP-19390,Resi Pölking,Consumer,United States,Cleveland,Ohio,44105,East,FUR-FU-10003096,Furniture,Furnishings,"Master Giant Foot Doorstop, Safety Yellow",36.43,5,0.2,9.6
4848,CA-2014-164469,6/25/2014,6/27/2014,Second Class,GK-14620,Grace Kelly,Corporate,United States,Salem,Oregon,97301,West,OFF-AR-10003478,Office Supplies,Art,"Avery Hi-Liter EverBold Pen Style Fluorescent Highlighters, 4/Pack",85.96,11,0.2,19.7
2493,CA-2014-144624,11/19/2014,11/23/2014,Standard Class,JM-15865,John Murray,Consumer,United States,Jamestown,New York,14701,East,TEC-PH-10002885,Technology,Phones,Apple iPhone 5,5458.57,7,0.0,1351.0
1625,NEW-10009,12/19/2015,12/24/2015,Standard Class,JG-15160,James Galang,Consumer,United States,Los Angeles,California,90049,West,TEC-PH-10002922,Technology,Phones,ShoreTel ShorePhone IP 230 VoIP phone,675.96,5,0.2,84.495
2222,CA-2015-131884,12/6/2015,12/6/2015,Same Day,DK-13375,Dennis Kane,Consumer,United States,Marion,Ohio,43302,East,TEC-PH-10001578,Technology,Phones,Polycom SoundStation2 EX Conference phone,583.13,2,0.4,-98.0
9766,CA-2017-101959,2/28/2017,3/6/2017,Standard Class,DB-13660,Duane Benoit,Consumer,United States,Middletown,Connecticut,6457,East,OFF-BI-10001757,Office Supplies,Binders,Pressboard Hanging Data Binders for Unburst Sheets,11.81,2,0.0,5.2
4962,CA-2014-156587,3/7/2014,3/8/2014,First Class,AB-10015,Aaron Bergman,Consumer,United States,Seattle,Washington,98103,West,FUR-CH-10004477,Furniture,Chairs,"Global Push Button Manager's Chair, Indigo",58.45,1,0.2,6.03
877,NEW-10032,1/17/2016,1/21/2016,Standard Class,CC-12430,Chuck Clark,Home Office,United States,Concord,New Hampshire,3301,East,TEC-AC-10003628,Technology,Accessories,Logitech 910-002974 M325 Wireless Mouse for Web Scrolling,29.99,1,0.0,13.1956
8519,CA-2017-118003,12/4/2017,12/10/2017,Standard Class,DO-13645,Doug O'Connell,Consumer,United States,Paterson,New Jersey,7501,East,FUR-FU-10002506,Furniture,Furnishings,"Tensor ""Hersey Kiss"" Styled Floor Lamp",15.59,1,0.0,1.71
1517,CA-2017-148446,12/10/2017,12/14/2017,Second Class,MC-17845,Michael Chen,Consumer,United States,North Las Vegas,Nevada,89031,West,FUR-TA-10004256,Furniture,Tables,Bretford Just In Time Height-Adjustable Multi-Task Work Tables,2003.52,4,0.0,128.56
3310,CA-2015-144386,11/5/2015,11/11/2015,Standard Class,GT-14635,Grant Thornton,Corporate,United States,New York City,New York,10009,East,OFF-BI-10001116,Office Supplies,Binders,"Wilson Jones 1"" Hanging DublLock Ring Binders",30.41,6,0.2,9.76
8230,CA-2016-123050,4/4/2016,4/8/2016,Second Class,BC-11125,Becky Castell,Home Office,United States,Troy,New York,12180,East,TEC-AC-10001109,Technology,Accessories,Logitech Trackman Marble Mouse,107.96,3,0.0,41.57
1570,CA-2017-165029,11/26/2017,11/30/2017,Standard Class,AH-10075,Adam Hart,Corporate,United States,Atlanta,Georgia,30318,South,OFF-AR-10003504,Office Supplies,Art,Newell 347,15.41,3,0.0,4.1
7220,CA-2015-150770,5/3/2015,5/6/2015,First Class,LC-16870,Lena Cacioppo,Consumer,United States,San Francisco,California,94109,West,OFF-BI-10001575,Office Supplies,Binders,GBC Linen Binding Covers,59.48,2,0.2,19.08
5874,NEW-10042,6/4/2017,6/4/2017,Same Day,EH-14005,Erica Hernandez,Home Office,United States,Jonesboro,Arkansas,72401,South,OFF-BI-10002353,Office Supplies,Binders,GBC VeloBind Cover Sets,108.08,7,0.0,54.04
4425,NEW-10013,5/18/2017,5/19/2017,First Class,TB-21355,Todd Boyes,Corporate,United States,Sandy Springs,Georgia,30328,South,TEC-PH-10002185,Technology,Phones,QVS USB Car Charger 2-Port 2.1Amp for iPod/iPhone/iPad/iPad 2/iPad 3,34.75,5,0.0,15.6375
7460,CA-2015-137974,4/16/2015,4/18/2015,First Class,LL-16840,Lauren Leatherbury,Consumer,United States,Waynesboro,Virginia,22980,South,FUR-BO-10001519,Furniture,Bookcases,O'Sullivan 3-Shelf Heavy-Duty Bookcases,627.91,9,0.0,138.14
1600,CA-2017-158876,11/19/2017,11/21/2017,Second Class,AB-10150,Aimee Bixby,Consumer,United States,Carrollton,Texas,75007,Central,OFF-AR-10003373,Office Supplies,Art,"Boston School Pro Electric Pencil Sharpener, 1670",118.96,4,0.2,9.54
36,CA-2016-117590,12/8/2016,12/10/2016,First Class,GH-14485,Gene Hale,Corporate,United States,Richardson,Texas,75080,Central,TEC-PH-10004977,Technology,Phones,GE 30524EE4,1317.05,7,0.2,135.82
9044,CA-2016-168830,11/7/2016,11/13/2016,Standard Class,ML-17395,Marina Lichtenstein,Corporate,United States,San Francisco,California,94122,West,TEC-AC-10003911,Technology,Accessories,NETGEAR AC1750 Dual Band Gigabit Smart WiFi Router,575.96,3,0.0,179.51
6902,NEW-10004,7/24/2017,7/24/2017,Same Day,HR-14830,Harold Ryan,Corporate,United States,Huntington Beach,California,92646,West,TEC-CO-10001449,Technology,Copiers,Hewlett Packard LaserJet 3310 Copier,2399.96,5,0.2,839.986
2749,CA-2015-110247,12/4/2015,12/8/2015,Standard Class,RH-19555,Ritsa Hightower,Consumer,United States,Tallahassee,Florida,32303,South,OFF-BI-10001553,Office Supplies,Binders,SpineVue Locking Slant-D Ring Binders by Cardinal,9.87,3,0.7,-6.64
9490,NEW-10043,8/5/2016,8/11/2016,Standard Class,MF-17665,Maureen Fritzler,Corporate,United States,Huntsville,Alabama,35810,South,OFF-AR-10000538,Office Supplies,Art,"Boston Model 1800 Electric Pencil Sharpener, Gray",197.05,7,0.0,59.115
6464,US-2017-133361,5/14/2017,5/17/2017,First Class,AJ-10780,Anthony Jacobs,Corporate,United States,Baltimore,Maryland,21215,East,OFF-LA-10004544,Office Supplies,Labels,Avery 505,88.8,5,0.0,40.7
2827,US-2014-112914,9/25/2014,9/30/2014,Standard Class,MT-18070,Michelle Tran,Home Office,United States,Houston,Texas,77041,Central,OFF-BI-10002982,Office Supplies,Binders,Avery Self-Adhesive Photo Pockets for Polaroid Photos,3.27,2,0.8,-4.79
97,CA-2017-161018,11/9/2017,11/11/2017,Second Class,PN-18775,Parhena Norris,Home Office,United States,New York City,New York,10009,East,FUR-FU-10000629,Furniture,Furnishings,9-3/4 Diameter Round Wall Clock,115.84,7,0.0,44.6
6734,CA-2014-120096,7/4/2014,7/7/2014,First Class,KE-16420,Katrina Edelman,Corporate,United States,Aurora,Colorado,80013,West,OFF-AP-10000692,Office Supplies,Appliances,Fellowes Mighty 8 Compact Surge Protector,38.92,2,0.2,3.57
656,CA-2016-137239,8/22/2016,8/28/2016,Standard Class,CR-12730,Craig Reiter,Consumer,United States,Columbus,Ohio,43229,East,OFF-BI-10002827,Office Supplies,Binders,Avery Durable Poly Binders,3.98,2,0.7,-2.92
3126,CA-2015-121720,6/11/2015,6/12/2015,First Class,JE-15610,Jim Epp,Corporate,United States,Lakeland,Florida,33801,South,OFF-ST-10003816,Office Supplies,Storage,Fellowes High-Stak Drawer Files,676.57,4,0.2,23.26
1609,US-2016-115819,4/19/2016,4/24/2016,Second Class,JO-15280,Jas O'Carroll,Consumer,United States,Los Angeles,California,90049,West,OFF-PA-10002377,Office Supplies,Paper,"Adams Telephone Message Book W/Dividers/Space For Phone Numbers, 5 1/4""X8 1/2"", 200/Messages",27.26,4,0.0,11.25
8934,NEW-10014,3/14/2016,3/19/2016,Standard Class,SP-20545,Sibella Parks,Corporate,United States,Green Bay,Wisconsin,54302,Central,FUR-FU-10003724,Furniture,Furnishings,Westinghouse Clip-On Gooseneck Lamps,16.74,2,0.0,4.3524
440,CA-2017-157252,1/20/2017,1/23/2017,Second Class,CV-12805,Cynthia Voltz,Corporate,United States,New York City,New York,10024,East,FUR-CH-10003396,Furniture,Chairs,Global Deluxe Steno Chair,249.42,3,0.1,2.54
1493,NEW-10039,11/24/2017,11/28/2017,Standard Class,TS-21370,Todd Sumrall,Corporate,United States,New York City,New York,10035,East,FUR-CH-10000785,Furniture,Chairs,Global Ergonomic Managers Chair,977.292,6,0.1,173.7408
6260,CA-2015-150441,8/13/2015,8/17/2015,Second Class,RA-19285,Ralph Arnett,Consumer,United States,Richmond,Indiana,47374,Central,OFF-BI-10003529,Office Supplies,Binders,Avery Round Ring Poly Binders,13.63,4,0.0,6.12
8965,CA-2016-157280,11/5/2016,11/7/2016,First Class,LW-17125,Liz Willingham,Consumer,United States,Virginia Beach,Virginia,23464,South,FUR-FU-10003806,Furniture,Furnishings,"Tenex Chairmat w/ Average Lip, 45"" x 53""",908.16,5,0.0,83.25
9808,CA-2017-107209,7/27/2017,8/1/2017,Second Class,JW-15955,Joni Wasserman,Consumer,United States,Raleigh,North Carolina,27604,South,FUR-CH-10001146,Furniture,Chairs,"Global Value Mid-Back Manager's Chair, Gray",233.82,4,0.2,13.4
7730,US-2016-109260,9/26/2016,10/1/2016,Standard Class,TN-21040,Tanja Norvell,Home Office,United States,Tallahassee,Florida,32303,South,TEC-AC-10002637,Technology,Accessories,Logitech VX Revolution Cordless Laser Mouse for Notebooks (Black),518.37,3,0.2,-83.16
5837,CA-2015-101868,6/9/2015,6/16/2015,Standard Class,MJ-17740,Max Jones,Consumer,United States,Miami,Florida,33178,South,TEC-AC-10004396,Technology,Accessories,Logitech Keyboard K120,87.12,5,0.2,-8.98
6532,US-2017-107384,12/4/2017,12/8/2017,Standard Class,TP-21130,Theone Pippenger,Consumer,United States,Rochester,Minnesota,55901,Central,OFF-AR-10001315,Office Supplies,Art,Newell 310,10.56,5,0.0,2.81
8557,CA-2015-117884,3/22/2015,3/22/2015,Same Day,DC-13285,Debra Catini,Consumer,United States,Plantation,Florida,33317,South,OFF-ST-10002182,Office Supplies,Storage,"Iris 3-Drawer Stacking Bin, Black",180.49,9,0.2,-37.23
4864,CA-2016-125164,11/10/2016,11/14/2016,Standard Class,SH-19975,Sally Hughsby,Corporate,United States,New York City,New York,10011,East,OFF-BI-10003982,Office Supplies,Binders,Wilson Jones Century Plastic Molded Ring Binders,59.82,3,0.2,18.51
8540,CA-2017-147354,3/9/2017,3/13/2017,Standard Class,KB-16315,Karl Braun,Consumer,United States,Los Angeles,California,90008,West,TEC-CO-10000971,Technology,Copiers,Hewlett Packard 310 Color Digital Copier,575.98,2,0.2,66.0
2040,CA-2015-122287,6/18/2015,6/23/2015,Standard Class,SN-20560,Skye Norling,Home Office,United States,Peoria,Arizona,85345,West,OFF-BI-10004656,Office Supplies,Binders,Peel & Stick Add-On Corner Pockets,5.44,7,0.7,-3.66
1361,CA-2017-125199,10/19/2017,10/25/2017,Standard Class,HM-14860,Harry Marie,Corporate,United States,Philadelphia,Pennsylvania,19120,East,OFF-AR-10002956,Office Supplies,Art,Boston 16801 Nautilus Battery Pencil Sharpener,147.91,7,0.2,10.17
1878,CA-2017-118885,12/29/2017,1/2/2018,Standard Class,JG-15160,James Galang,Consumer,United States,Los Angeles,California,90049,West,FUR-CH-10002880,Furniture,Chairs,"Global High-Back Leather Tilter, Burgundy",472.28,4,0.2,-48.7
9670,CA-2017-145275,4/2/2017,4/6/2017,Standard Class,AH-10465,Amy Hunt,Consumer,United States,Decatur,Alabama,35601,South,OFF-LA-10001569,Office Supplies,Labels,Avery 499,17.93,3,0.0,7.56
5365,CA-2014-123477,1/18/2014,1/21/2014,Second Class,DW-13195,David Wiener,Corporate,United States,Springfield,Oregon,97477,West,OFF-AP-10000692,Office Supplies,Appliances,Fellowes Mighty 8 Compact Surge Protector,77.84,4,0.2,7.14
2907,CA-2017-121615,11/3/2017,11/9/2017,Standard Class,DL-12925,Daniel Lacy,Consumer,United States,Eagan,Minnesota,55122,Central,OFF-PA-10000327,Office Supplies,Paper,Xerox 1971,10.27,2,0.0,4.24
8004,NEW-10044,12/1/2014,12/3/2014,First Class,AA-10645,Anna Andreadi,Consumer,United States,Lowell,Massachusetts,1852,East,TEC-PH-10004434,Technology,Phones,Cisco IP Phone 7961G VoIP phone - Dark gray,271.9,2,0.0,78.851
1598,CA-2017-158876,11/19/2017,11/21/2017,Second Class,AB-10150,Aimee Bixby,Consumer,United States,Carrollton,Texas,75007,Central,OFF-PA-10000308,Office Supplies,Paper,Xerox 1901,20.28,4,0.2,5.81
4000,US-2015-149629,7/17/2015,7/20/2015,Second Class,MP-17965,Michael Paige,Corporate,United States,Port Saint Lucie,Florida,34952,South,FUR-BO-10004709,Furniture,Bookcases,"Bush Westfield Collection Bookcases, Medium Cherry Finish",278.3,5,0.2,6.38
7671,CA-2015-130974,11/27/2015,11/29/2015,Second Class,MA-17560,Matt Abelman,Home Office,United States,Everett,Massachusetts,2149,East,TEC-AC-10003095,Technology,Accessories,Logitech G35 7.1-Channel Surround Sound Headset,311.98,2,0.0,97.23
4769,CA-2017-158883,6/2/2017,6/3/2017,Same Day,CS-11860,Cari Schnelling,Consumer,United States,Jacksonville,North Carolina,28540,South,OFF-PA-10004733,Office Supplies,Paper,Things To Do Today Spiral Book,30.41,4,0.2,10.11
9137,CA-2016-124254,4/12/2016,4/17/2016,Standard Class,TB-21175,Thomas Boland,Corporate,United States,Wilson,North Carolina,27893,South,OFF-PA-10000807,Office Supplies,Paper,"TOPS ""Important Message"" Pads, Canary, 4-1/4 x 5-1/2, 50 Sheets per Pad",12.33,3,0.2,3.81
6138,US-2016-142251,10/31/2016,11/4/2016,Second Class,FO-14305,Frank Olsen,Consumer,United States,Hollywood,Florida,33021,South,OFF-PA-10002986,Office Supplies,Paper,Xerox 1898,38.48,6,0.2,12.34
6250,CA-2017-121580,5/29/2017,6/4/2017,Standard Class,ML-17410,Maris LaWare,Consumer,United States,Columbus,Indiana,47201,Central,OFF-AP-10001564,Office Supplies,Appliances,Hoover Commercial Lightweight Upright Vacuum with E-Z Empty Dirt Cup,558.19,2,0.0,133.04
7502,CA-2017-121048,7/14/2017,7/18/2017,Standard Class,TC-21295,Toby Carlisle,Consumer,United States,Westminster,California,92683,West,TEC-PH-10004977,Technology,Phones,GE 30524EE4,564.45,3,0.2,58.21
9005,CA-2015-102855,4/5/2015,4/6/2015,Same Day,JF-15415,Jennifer Ferguson,Consumer,United States,Spokane,Washington,99207,West,OFF-AR-10002467,Office Supplies,Art,Dixon Ticonderoga Pencils,28.61,8,0.0,7.08
4511,CA-2016-119935,11/10/2016,11/14/2016,Standard Class,KM-16225,Kalyca Meade,Corporate,United States,Springfield,Missouri,65807,Central,FUR-FU-10001085,Furniture,Furnishings,3M Polarizing Light Filter Sleeves,44.76,2,0.0,18.87
2228,CA-2017-130771,7/29/2017,8/3/2017,Standard Class,LA-16780,Laura Armstrong,Corporate,United States,Austin,Texas,78745,Central,TEC-PH-10002496,Technology,Phones,Cisco SPA301,149.75,1,0.2,17.16
4246,CA-2017-117702,11/28/2017,12/4/2017,Standard Class,LS-16975,Lindsay Shagiari,Home Office,United States,Baltimore,Maryland,21215,East,OFF-AR-10004582,Office Supplies,Art,BIC Brite Liner Grip Highlighters,1.97,1,0.0,0.81
9691,CA-2017-140536,4/4/2017,4/5/2017,First Class,TA-21385,Tom Ashbrook,Home Office,United States,New York City,New York,10035,East,OFF-AR-10001545,Office Supplies,Art,Newell 326,8.45,4,0.0,2.25
9370,NEW-10036,11/7/2017,11/9/2017,Second Class,KN-16390,Katherine Nockton,Corporate,United States,Clinton,Maryland,20735,East,FUR-CH-10000422,Furniture,Chairs,Global Highback Leather Tilter in Burgundy,272.97,3,0.0,43.6752
2890,CA-2017-164049,11/2/2017,11/6/2017,Standard Class,KH-16630,Ken Heidel,Corporate,United States,Seattle,Washington,98105,West,OFF-PA-10000791,Office Supplies,Paper,"Wirebound Message Books, Four 2 3/4 x 5 Forms per Page, 200 Sets per Book",28.62,5,0.0,11.81
8689,CA-2016-144015,6/26/2016,6/26/2016,Same Day,AH-10075,Adam Hart,Corporate,United States,Los Angeles,California,90036,West,OFF-PA-10002870,Office Supplies,Paper,"Ampad Phone Message Book, Recycled, 400 Message Capacity, 5 ¾ x 11",14.98,2,0.0,6.18
9440,US-2014-154655,10/12/2014,10/17/2014,Standard Class,BP-11050,Barry Pond,Corporate,United States,Chicago,Illinois,60623,Central,OFF-SU-10000898,Office Supplies,Supplies,"Acme Hot Forged Carbon Steel Scissors with Nickel-Plated Handles, 3 7/8"" Cut, 8""L",26.69,2,0.2,2.75
3413,CA-2016-100244,9/20/2016,9/24/2016,Standard Class,GM-14695,Greg Maxwell,Corporate,United States,San Francisco,California,94122,West,OFF-AR-10000940,Office Supplies,Art,Newell 343,14.11,4,0.0,3.49
120,CA-2016-103730,6/12/2016,6/15/2016,First Class,SC-20725,Steven Cartwright,Consumer,United States,Wilmington,Delaware,19805,East,FUR-FU-10002157,Furniture,Furnishings,Artistic Insta-Plaque,56.45,3,0.0,20.18
7817,NEW-10048,10/21/2016,10/26/2016,Second Class,DP-13390,Dennis Pardue,Home Office,United States,North Las Vegas,Nevada,89031,West,OFF-AR-10002240,Office Supplies,Art,Panasonic KP-150 Electric Pencil Sharpener,113.22,3,0.0,29.4372
591,US-2016-156986,3/20/2016,3/24/2016,Standard Class,ZC-21910,Zuschuss Carroll,Consumer,United States,Salem,Oregon,97301,West,OFF-BI-10002498,Office Supplies,Binders,Clear Mylar Reinforcing Strips,20.19,3,0.7,-14.19
4705,CA-2016-158435,5/17/2016,5/18/2016,First Class,AG-10900,Arthur Gainer,Consumer,United States,Waterbury,Connecticut,6708,East,OFF-SU-10000381,Office Supplies,Supplies,Acme Forged Steel Scissors with Black Enamel Handles,78.2,7,0.0,20.79
4510,CA-2017-167003,5/23/2017,5/29/2017,Standard Class,VS-21820,Vivek Sundaresam,Consumer,United States,Los Angeles,California,90036,West,FUR-TA-10001520,Furniture,Tables,"Lesro Sheffield Collection Coffee Table, End Table, Center Table, Corner Table",205.55,3,0.2,-7.07
5555,US-2014-159618,11/12/2014,11/16/2014,Standard Class,DB-12970,Darren Budd,Corporate,United States,Houston,Texas,77036,Central,FUR-BO-10004467,Furniture,Bookcases,Bestar Classic Bookcase,81.59,1,0.32,-14.3
6791,NEW-10012,11/16/2016,11/17/2016,First Class,IM-15055,Ionia McGrath,Consumer,United States,Roseville,California,95661,West,OFF-BI-10004967,Office Supplies,Binders,Round Ring Binders,8.32,5,0.2,2.808
5246,CA-2016-156265,8/2/2016,8/4/2016,Second Class,BF-11020,Barry Französisch,Corporate,United States,Los Angeles,California,90032,West,TEC-PH-10001918,Technology,Phones,Nortel Business Series Terminal T7208 Digital phone,400.29,3,0.2,36.69
5651,CA-2017-142342,7/17/2017,7/19/2017,Second Class,AJ-10795,Anthony Johnson,Corporate,United States,Apple Valley,California,92307,West,OFF-ST-10002957,Office Supplies,Storage,Sterilite Show Offs Storage Containers,12.67,2,0.0,0.0
5506,CA-2017-127782,11/2/2017,11/6/2017,Standard Class,TH-21115,Thea Hudgings,Corporate,United States,Philadelphia,Pennsylvania,19140,East,TEC-PH-10001817,Technology,Phones,Wilson Electronics DB Pro Signal Booster,1031.04,4,0.4,-204.78
9984,US-2016-157728,9/22/2016,9/28/2016,Standard Class,RC-19960,Ryan Crowe,Consumer,United States,Grand Rapids,Michigan,49505,Central,TEC-PH-10001305,Technology,Phones,Panasonic KX TS208W Corded phone,117.58,2,0.0,30.18
312,CA-2016-142902,9/12/2016,9/14/2016,Second Class,BP-11185,Ben Peterman,Corporate,United States,Arvada,Colorado,80004,West,FUR-FU-10001756,Furniture,Furnishings,"Eldon Expressions Desk Accessory, Wood Photo Frame, Mahogany",18.28,1,0.2,1.88
30,US-2015-150630,9/17/2015,9/21/2015,Standard Class,TB-21520,Tracy Blumstein,Consumer,United States,Philadelphia,Pennsylvania,19140,East,FUR-FU-10004848,Furniture,Furnishings,"Howard Miller 13-3/4"" Diameter Brushed Chrome Round Wall Clock",149.04,3,0.2,17.08
4618,CA-2015-117800,9/21/2015,9/26/2015,Standard Class,TH-21550,Tracy Hopkins,Home Office,United States,Everett,Massachusetts,2149,East,TEC-PH-10002415,Technology,Phones,Polycom VoiceStation 500 Conference phone,707.88,2,0.0,162.22
4550,CA-2015-126557,7/12/2015,7/17/2015,Second Class,RL-19615,Rob Lucas,Consumer,United States,Chicago,Illinois,60610,Central,TEC-PH-10003963,Technology,Phones,GE 2-Jack Phone Line Splitter,791.0,4,0.2,54.38
762,CA-2017-126046,11/3/2017,11/7/2017,Standard Class,JC-16105,Julie Creighton,Corporate,United States,Atlanta,Georgia,30318,South,OFF-LA-10004484,Office Supplies,Labels,Avery 476,14.87,3,0.0,6.27
6796,CA-2015-145394,11/16/2015,11/20/2015,Standard Class,MC-17605,Matt Connell,Corporate,United States,Chicago,Illinois,60610,Central,FUR-FU-10001215,Furniture,Furnishings,"Howard Miller 11-1/2"" Diameter Brentwood Wall Clock",41.4,2,0.6,-17.08
5121,CA-2014-149538,4/4/2014,4/8/2014,Standard Class,KB-16585,Ken Black,Corporate,United States,Lafayette,Louisiana,70506,South,OFF-ST-10004180,Office Supplies,Storage,Safco Commercial Shelving,279.06,5,0.0,10.23
624,CA-2015-138009,11/29/2015,12/3/2015,Standard Class,SF-20965,Sylvia Foulston,Corporate,United States,Dearborn,Michigan,48126,Central,OFF-AP-10000179,Office Supplies,Appliances,Honeywell Enviracaire Portable HEPA Air Cleaner for up to 10 x 16 Room,666.25,5,0.1,196.79
1958,CA-2017-157987,9/2/2017,9/6/2017,Standard Class,AC-10615,Ann Chong,Corporate,United States,New York City,New York,10009,East,OFF-PA-10003893,Office Supplies,Paper,Xerox 1962,20.54,4,0.0,8.47
3252,CA-2017-119389,4/17/2017,4/19/2017,First Class,BG-11740,Bruce Geld,Consumer,United States,Philadelphia,Pennsylvania,19120,East,FUR-FU-10001473,Furniture,Furnishings,"Eldon Executive Woodline II Desk Accessories, Mahogany",72.37,3,0.2,5.81
9141,NEW-10029,9/30/2017,10/2/2017,Second Class,BT-11530,Bradley Talbott,Home Office,United States,Los Angeles,California,90049,West,TEC-AC-10002402,Technology,Accessories,Razer Kraken PRO Over Ear PC and Music Headset,159.98,2,0.0,47.994
322,CA-2014-164973,11/4/2014,11/9/2014,Standard Class,NM-18445,Nathan Mautz,Home Office,United States,New York City,New York,10024,East,OFF-ST-10002974,Office Supplies,Storage,"Trav-L-File Heavy-Duty Shuttle II, Black",52.28,1,0.0,14.38
3442,NEW-10049,3/11/2014,3/14/2014,Second Class,KA-16525,Kelly Andreada,Consumer,United States,New York City,New York,10024,East,OFF-PA-10002137,Office Supplies,Paper,"Southworth 100% Résumé Paper, 24lb.",108.92,14,0.0,49.014
9405,CA-2017-141663,4/13/2017,4/17/2017,Standard Class,DP-13105,Dave Poirier,Corporate,United States,Philadelphia,Pennsylvania,19134,East,OFF-FA-10004076,Office Supplies,Fasteners,Translucent Push Pins by OIC,9.5,5,0.2,1.85
714,US-2017-100048,5/19/2017,5/24/2017,Standard Class,RS-19765,Roland Schwarz,Corporate,United States,Mount Vernon,New York,10550,East,TEC-PH-10003012,Technology,Phones,Nortel Meridian M3904 Professional Digital phone,369.58,2,0.0,98.25
7315,NEW-10027,5/28/2016,6/2/2016,Standard Class,TN-21040,Tanja Norvell,Home Office,United States,Park Ridge,Illinois,60068,Central,TEC-PH-10001817,Technology,Phones,Wilson Electronics DB Pro Signal Booster,286.4,1,0.2,25.06
9960,CA-2017-137421,10/6/2017,10/11/2017,Standard Class,AJ-10945,Ashley Jarboe,Consumer,United States,Chandler,Arizona,85224,West,OFF-AR-10001761,Office Supplies,Art,Avery Hi-Liter Smear-Safe Highlighters,11.21,2,0.2,2.06
4402,CA-2016-131737,3/17/2016,3/17/2016,Same Day,GZ-14470,Gary Zandusky,Consumer,United States,Columbia,Maryland,21044,East,FUR-FU-10004306,Furniture,Furnishings,Electrix Halogen Magnifier Lamp,1165.8,5,0.0,277.85
1189,CA-2017-117212,2/26/2017,2/28/2017,Second Class,BT-11530,Bradley Talbott,Home Office,United States,Los Angeles,California,90036,West,OFF-AP-10004532,Office Supplies,Appliances,Kensington 6 Outlet Guardian Standard Surge Protector,98.3,4,0.0,24.33
9607,US-2017-122672,11/4/2017,11/9/2017,Standard Class,HG-14965,Henry Goldwyn,Corporate,United States,Lancaster,Ohio,43130,East,OFF-ST-10002344,Office Supplies,Storage,"Carina 42""Hx23 3/4""W Media Storage Unit",233.22,3,0.2,-48.1
7568,CA-2017-140802,4/21/2017,4/23/2017,First Class,KN-16390,Katherine Nockton,Corporate,United States,Houston,Texas,77070,Central,OFF-PA-10001534,Office Supplies,Paper,Xerox 230,24.88,4,0.2,7.98
34,US-2015-150630,9/17/2015,9/21/2015,Standard Class,TB-21520,Tracy Blumstein,Consumer,United States,Philadelphia,Pennsylvania,19140,East,OFF-AR-10001683,Office Supplies,Art,Lumber Crayons,18.91,2,0.2,3.9
3972,CA-2015-132374,2/22/2015,2/24/2015,Second Class,PS-19045,Penelope Sewall,Home Office,United States,Sterling Heights,Michigan,48310,Central,OFF-AR-10001615,Office Supplies,Art,Newell 34,95.23,4,0.0,22.7
7533,CA-2016-107146,6/17/2016,6/19/2016,First Class,LC-16885,Lena Creighton,Consumer,United States,Longmont,Colorado,80501,West,FUR-CH-10004853,Furniture,Chairs,"Global Manager's Adjustable Task Chair, Storm",579.76,4,0.2,59.79
2151,US-2017-139969,11/19/2017,11/26/2017,Standard Class,AF-10870,Art Ferguson,Consumer,United States,College Station,Texas,77840,Central,FUR-CH-10001973,Furniture,Chairs,Office Star Flex Back Scooter Chair with White Frame,279.67,3,0.3,-58.6
6885,CA-2015-120677,5/31/2015,6/4/2015,Standard Class,BD-11320,Bill Donatelli,Consumer,United States,Minneapolis,Minnesota,55407,Central,FUR-CH-10002320,Furniture,Chairs,Hon Pagoda Stacking Chairs,3081.41,8,0.0,847.39
7310,CA-2017-112172,6/10/2017,6/14/2017,Second Class,MM-18280,Muhammed MacIntyre,Corporate,United States,New York City,New York,10024,East,OFF-FA-10004395,Office Supplies,Fasteners,Plymouth Boxed Rubber Bands by Plymouth,16.96,3,0.0,0.78
3059,CA-2017-131492,10/19/2017,10/24/2017,Second Class,HH-15010,Hilary Holden,Corporate,United States,San Francisco,California,94110,West,FUR-FU-10003878,Furniture,Furnishings,"Linden 10"" Round Wall Clock, Black",36.67,2,0.0,11.43
501,US-2016-105578,5/30/2016,6/4/2016,Standard Class,MY-17380,Maribeth Yedwab,Corporate,United States,Parker,Colorado,80134,West,OFF-BI-10001670,Office Supplies,Binders,Vinyl Sectional Post Binders,27.14,2,0.7,-16.59
