customer_id,customer_name,email,registration_date,customer_type
C0001,Kristin Wells,katrina63@example.org,2025-02-12,VIP
C0002,Gail Scott,andrewarmstrong@example.org,2025-12-31,REGULAR
C0003,Janice Johnson,paulwright@example.org,2026-02-20,PREMIUM
C0004,Daniel Lopez,qmartinez@example.org,2024-06-08,VIP
C0005,Catherine Thompson,xfitzgerald@example.org,2026-04-27,VIP
C0006,Lauren Smith,foxcorey@example.com,2025-02-28,PREMIUM
C0007,Karen Watson,rpierce@example.org,2026-06-05,VIP
C0008,Catherine Gibbs,mthomas@example.com,2024-02-15,PREMIUM
C0009,Julia Buck,jacobskelly@example.net,2024-03-19,VIP
C0010,Ann Schaefer,cassandra63@example.net,2023-10-07,REGULAR
C0011,Margaret Ryan,brianneal@example.com,2024-02-02,REGULAR
C0012,Mary Stephens,alexandramoran@example.org,2023-09-13,PREMIUM
C0013,Michael Green,brandonshaffer@example.org,2025-12-30,VIP
C0014,Tiffany Morton,odomrichard@example.net,2024-07-06,REGULAR
C0015,Brian Edwards,tamararojas@example.org,2024-07-05,PREMIUM
C0016,Todd Baldwin,kimberlypineda@example.com,2023-12-20,VIP
C0017,Lindsey Miller,davidsantos@example.com,2025-10-21,PREMIUM
C0018,Stephanie Hampton,zbeard@example.org,2023-10-15,VIP
C0019,Joann Avila,baileynicholas@example.com,2023-12-13,REGULAR
C0020,Beth Ritter,stephen38@example.net,2023-08-12,REGULAR
C0021,Jessica Graham,jose30@example.com,2024-02-06,VIP
C0022,Steven Murillo,loganvirginia@example.com,2023-09-29,REGULAR
C0023,William Walker,roweanthony@example.org,2025-05-02,REGULAR
C0024,Tracy Davis,michaellopez@example.com,2024-12-11,VIP
C0025,Kristina Riley,gainesvanessa@example.org,2024-02-12,VIP
C0026,Michele Ruiz,lewisnicole@example.com,2023-08-20,REGULAR
C0027,James Flores,banksashley@example.org,2024-10-15,PREMIUM
C0028,Patrick Miller,burnsamanda@example.net,2026-04-29,VIP
C0029,Steven Patel,joshua25@example.com,2024-03-02,REGULAR
C0030,Cynthia Bautista,courtney67@example.com,2025-10-15,REGULAR
C0031,Dr. William Grant,tammyedwards@example.org,2024-01-31,PREMIUM
C0032,Douglas Koch,arthurjones@example.org,2024-12-06,REGULAR
C0033,Nathaniel Davis,susanfletcher@example.org,2025-10-27,REGULAR
C0034,Donald Smith,alicejones@example.net,2024-04-02,REGULAR
C0035,Lauren Holt DVM,amandaskinner@example.net,2023-08-07,VIP
C0036,Brandon Williams,derrickguzman@example.com,2024-06-21,REGULAR
C0037,Johnathan Frazier,kingcrystal@example.com,2023-11-07,VIP
C0038,Christopher Bowman,brettmays@example.org,2023-08-08,REGULAR
C0039,Richard Wilson,williammccormick@example.org,2024-07-15,PREMIUM
C0040,Wendy Harmon,williamlin@example.net,2024-09-10,REGULAR
C0041,Nicholas Jimenez,crystalhensley@example.org,2024-02-28,VIP
C0042,Brandi Smith,ggolden@example.net,2023-07-17,PREMIUM
C0043,Becky Garrett,murphyadam@example.net,2024-08-09,REGULAR
C0044,Tammy Lynch,wilsonhannah@example.com,2025-05-09,VIP
C0045,Alyssa Oconnor,russostacy@example.com,2023-07-28,REGULAR
C0046,Zoe Morales,seththomas@example.com,2023-07-14,REGULAR
C0047,Amanda Turner PhD,shanebailey@example.com,2024-10-16,VIP
C0048,Christina Wagner,jacobsteele@example.org,2026-03-22,VIP
C0049,Mrs. Sandra Mills DVM,jenniferanderson@example.com,2026-07-07,REGULAR
C0050,Gary Stevenson,christina48@example.com,2023-12-09,REGULAR
C0051,Heidi King,samanthadaniel@example.net,2026-03-22,REGULAR
C0052,Paul Zimmerman,deckernicole@example.com,2025-10-10,REGULAR
C0053,Kathy Rogers,harpertimothy@example.net,2024-02-08,VIP
C0054,Spencer Allison,melissaschmidt@example.org,2025-05-16,PREMIUM
C0055,Nathaniel Curtis,shirley47@example.org,2026-04-01,VIP
C0056,Jessica Campbell,amy18@example.org,2025-07-15,VIP
C0057,Theodore Adams,qestrada@example.com,2023-09-11,PREMIUM
C0058,Denise Curry,mariajames@example.org,2025-01-22,REGULAR
C0059,Dr. Maria Williams MD,jessica54@example.org,2026-04-17,VIP
C0060,Mark Maldonado,rbryant@example.org,2024-01-28,VIP
C0061,Jason Sherman,eproctor@example.com,2025-04-15,REGULAR
C0062,Shelly Harrison,donna45@example.org,2024-11-27,VIP
C0063,Nathaniel Allen,patriciarivera@example.com,2025-01-10,PREMIUM
C0064,Bill Chapman,josephterry@example.com,2024-02-25,REGULAR
C0065,Jasmin Lyons,jphillips@example.net,2024-04-30,VIP
C0066,William Gonzales,kenneth19@example.net,2025-10-11,VIP
C0067,Gabriel Simpson,mvillarreal@example.org,2025-08-02,REGULAR
C0068,Crystal Torres,amendoza@example.net,2026-01-12,VIP
C0069,Charles Kent,douglasboyd@example.org,2026-04-27,VIP
C0070,Jennifer Campbell,nataliehoward@example.net,2024-09-17,REGULAR
C0071,Erica Mooney,hollykelly@example.com,2023-10-05,VIP
C0072,Douglas Murray,lori21@example.net,2024-09-28,PREMIUM
C0073,Bradley Martin,fneal@example.net,2023-07-26,PREMIUM
C0074,Kristin Meadows,olivercathy@example.net,2024-12-10,VIP
C0075,Thomas Hardin,riverajuan@example.net,2024-02-27,PREMIUM
C0076,Eric Bell,jessicajohnson@example.org,2026-06-30,PREMIUM
C0077,Erica Coleman,kimberly21@example.com,2024-10-19,PREMIUM
C0078,Zachary Lara,brandonhurst@example.com,2024-12-13,REGULAR
C0079,Collin Fox,crystalmckinney@example.net,2023-10-03,VIP
C0080,Brian Bowman,alexander75@example.net,2024-05-03,PREMIUM
C0081,Joyce Hill,yvonne92@example.org,2026-04-03,VIP
C0082,Paul Mcpherson,crystalbradford@example.net,2026-03-27,PREMIUM
C0083,Christopher Freeman,amysmith@example.net,2025-11-05,VIP
C0084,Donald Pena,michaelwilsonexample.org,2024-05-23,REGULAR
C0085,Ashley Porter,simmonsjohn@example.net,2026-05-24,VIP
C0086,Erica Nelson,dvalencia@example.org,2025-05-31,REGULAR
C0087,Stephen Holloway,gpeters@example.org,2025-08-06,REGULAR
C0088,William Yates DDS,maddenmichael@example.org,2025-07-25,PREMIUM
C0089,Raymond Davis,veronica11@example.com,2026-02-08,VIP
C0090,Deborah Logan,wallacepaul@example.net,2026-01-16,PREMIUM
C0091,Brian Holmes,calvin24@example.org,2024-01-28,REGULAR
C0092,Dawn Rodriguez,fernandezwilliam@example.org,2024-12-28,REGULAR
C0093,Amy Carlson,jessica94@example.org,2025-12-20,REGULAR
C0094,Deborah Ryan,xalvarez@example.com,2023-10-19,PREMIUM
C0095,Kevin Roberts,qolson@example.net,2023-07-21,REGULAR
C0096,Matthew Mathis,rhondawilson@example.org,2026-01-05,VIP
C0097,Brandy Brown,vsmithexample.net,2024-11-14,PREMIUM
C0098,Lisa Thomas,marcus06@example.org,2025-12-26,PREMIUM
C0099,Cheryl Osborne,valerie70@example.org,2023-07-24,REGULAR
C0100,Nicholas Browning,monique12@example.net,2025-01-17,REGULAR
C0101,Joseph Ramos,nicolasallen@example.net,2025-05-26,REGULAR
C0102,Ana Rose,williamspamela@example.com,2024-08-05,VIP
C0103,Anna Bishop,joannahoffman@example.org,2025-01-25,PREMIUM
C0104,Laura Jackson,nicholaskingexample.org,2026-03-23,VIP
C0105,Gregory Leon,justin74@example.com,2025-01-03,REGULAR
C0106,Craig Johnson,qlowe@example.com,2023-12-08,VIP
C0107,Kyle Greene,amanda47@example.org,2025-08-12,REGULAR
C0108,Anna Ellis,tjackson@example.net,2025-03-02,REGULAR
C0109,Gloria Robinson,sharon52@example.org,2026-06-25,VIP
C0110,Hailey Harrison,williamgarcia@example.org,2023-11-19,VIP
C0111,Larry Goodman,whitney65@example.com,2025-09-28,PREMIUM
C0112,Nicholas Taylor,julian48@example.org,2024-01-29,VIP
C0113,Rachel Booker,zcombs@example.com,2024-06-14,PREMIUM
C0114,Justin Barnett,gardnershawn@example.com,2025-12-31,REGULAR
C0115,Gwendolyn Smith,harveyamanda@example.org,2024-12-31,VIP
C0116,Jennifer Wang,carriecharles@example.org,2024-03-23,REGULAR
C0117,Crystal Hull,michaelmarshall@example.net,2026-03-26,VIP
C0118,Adam Jones,hermanadrian@example.org,2024-11-30,PREMIUM
C0119,Jacqueline Gonzalez,jeffrey63@example.com,2024-10-10,VIP
C0120,Kelsey Marshall,tmcfarland@example.org,2026-03-26,VIP
C0121,Matthew Gonzales,bryan03@example.com,2023-09-29,VIP
C0122,Angela Daniel,lewisronald@example.com,2025-02-25,PREMIUM
C0123,Kristen Dean,stacywilliams@example.net,2023-08-25,VIP
C0124,David Gonzales,joshua32@example.org,2026-06-13,REGULAR
C0125,William Ramos,mejiaalyssa@example.org,2025-08-30,REGULAR
C0126,Christopher Williams,stephanielee@example.net,2024-05-13,VIP
C0127,Scott Russell,floresjames@example.com,2025-09-25,VIP
C0128,Joseph Wolfe,teresale@example.net,2024-06-19,VIP
C0129,Stephanie Holt,hmartin@example.org,2026-01-03,PREMIUM
C0130,Maria Aguilar DDS,msmith@example.org,2026-04-18,REGULAR
C0131,Chad Clay,kristen39@example.net,2025-03-03,REGULAR
C0132,Gina Perry,clarketimothy@example.org,2025-10-07,VIP
C0133,Benjamin Johnson,joseph19@example.org,2024-02-26,VIP
C0134,Crystal Meyer,hollyortiz@example.org,2026-03-14,VIP
C0135,Tricia Roberts,chenjames@example.net,2025-05-24,VIP
C0136,David Wyatt,john63@example.org,2026-03-23,REGULAR
C0137,Bonnie Burns,sarahsmith@example.net,2026-02-25,VIP
C0138,Katelyn Villegas,jennifer71@example.org,2025-11-28,VIP
C0139,Sarah Shannon,andersonjohn@example.org,2024-06-12,VIP
C0140,Gary Mason,andrearobinson@example.net,2024-11-09,VIP
C0141,Melissa Richard MD,anthony56@example.com,2025-12-31,REGULAR
C0142,Patrick Fowler,todd10@example.org,2025-03-18,REGULAR
C0143,Whitney Lloyd,jonathan43@example.net,2024-03-11,REGULAR
C0144,Jonathan Castro,hbutler@example.net,2026-02-26,VIP
C0145,Stephanie Carpenter,xsnyder@example.com,2026-02-08,VIP
C0146,Angela Petersen,xfoster@example.org,2025-08-05,PREMIUM
C0147,Danielle Gates DDS,matthewbrowning@example.com,2026-04-22,PREMIUM
C0148,Benjamin Williams,stewartlauren@example.net,2024-12-29,REGULAR
C0149,Chad Wallace,emily70@example.org,2025-07-09,VIP
C0150,Adam Carr,timothybarrett@example.org,2023-08-31,REGULAR
C0151,Douglas Munoz,moranmichael@example.net,2024-04-23,REGULAR
C0152,Eric Lopez,raymondmorris@example.net,2025-06-11,PREMIUM
C0153,Latasha Franklin MD,xvaldez@example.net,2026-06-29,VIP
C0154,Jennifer Branch,emilycrawford@example.org,2024-04-30,REGULAR
C0155,Kelly Hickman,tanner74@example.net,2026-03-01,VIP
C0156,Michael Allen,wcollins@example.org,2026-07-03,VIP
C0157,Christopher Esparza,dmartin@example.com,2026-05-06,VIP
C0158,Jennifer Lowe,chapmanmarc@example.org,2025-10-27,REGULAR
C0159,Jodi Cross,peggynavarro@example.org,2025-10-07,PREMIUM
C0160,Bryan Williamson,nchaney@example.org,2025-11-18,VIP
C0161,Kristina Mills,smithchristopher@example.org,2023-07-21,REGULAR
C0162,Sierra Cox,ggarrett@example.com,2024-06-13,REGULAR
C0163,Laura Rubio,bduncan@example.net,2026-06-01,VIP
C0164,Paul Bishop,lisa41@example.net,2024-08-21,REGULAR
C0165,Brandon Logan,aguilarpaul@example.net,2025-02-24,PREMIUM
C0166,Carol Chambers,curtistroy@example.com,2024-09-14,REGULAR
C0167,Nicole Miller,louis91@example.org,2025-05-14,VIP
C0168,Robert Fry,chelsea79@example.net,2025-06-30,REGULAR
C0169,Gary Miller,jwalker@example.net,2024-08-13,VIP
C0170,Sean Owens,loriolson@example.net,2024-07-28,VIP
C0171,Laurie Wilson,edwardjackson@example.com,2024-02-19,REGULAR
C0172,Tamara Jenkins,timothy41@example.org,2025-04-17,REGULAR
C0173,Kristina Perez,njohnson@example.org,2025-01-15,PREMIUM
C0174,Kayla Lam,nanderson@example.com,2026-05-25,VIP
C0175,Scott Gould,brookscrystal@example.org,2026-05-20,PREMIUM
C0176,Sandra King,misty80@example.com,2026-04-10,VIP
C0177,Jared Greene,barrjennifer@example.net,2025-06-21,REGULAR
C0178,Jacqueline Swanson,xbailey@example.org,2024-08-07,REGULAR
C0179,David Short,robert66@example.net,2025-02-04,REGULAR
C0180,Troy Lucas,psmith@example.org,2023-09-02,PREMIUM
C0181,Lindsey Wallace,kjohnson@example.org,2024-01-04,REGULAR
C0182,Marisa Smith,amandamontgomery@example.org,2023-08-09,VIP
C0183,Amber Williams,rbennett@example.org,2024-06-16,VIP
C0184,Connie Tucker,psimmons@example.com,2025-04-23,REGULAR
C0185,Alice Sims,alexandriacobb@example.net,2024-11-18,REGULAR
C0186,John Bates,boylechristopher@example.net,2026-02-26,REGULAR
C0187,Deborah Wise,audreydrake@example.net,2025-07-02,REGULAR
C0188,Amy Garcia,darrellwhite@example.org,2026-01-13,VIP
C0189,Michelle Thomas,steven75@example.org,2025-02-16,PREMIUM
C0190,Nathaniel Harris,mitchellsamantha@example.com,2026-01-18,VIP
C0191,Victoria Morgan,kelly85@example.com,2025-02-03,PREMIUM
C0192,Steven Paul,qfrazier@example.net,2026-04-21,VIP
C0193,Elizabeth Morris,scott26@example.com,2024-02-07,REGULAR
C0194,Jesse Rhodes,zwilliamson@example.net,2025-12-30,VIP
C0195,Robert Dorsey,raymondwood@example.com,2023-09-22,VIP
C0196,William Santiago,fmccormick@example.net,2023-12-22,VIP
C0197,James Figueroa,kimberlyjones@example.net,2025-02-21,VIP
C0198,Michael Vargas,johnny59@example.org,2024-10-12,VIP
C0199,Maria Stevens,nharris@example.com,2023-12-01,PREMIUM
C0200,Taylor Erickson,wwhite@example.net,2023-07-22,PREMIUM
C0201,Joshua Miller,heathercarter@example.com,2025-11-05,REGULAR
C0202,William Cunningham,kbrown@example.net,2023-09-07,VIP
C0203,Gabriel Knight,kingkaren@example.org,2026-02-27,REGULAR
C0204,James Price,fergusonmelissa@example.org,2025-06-22,VIP
C0205,Evan Ferguson,nortonkeith@example.org,2024-03-12,PREMIUM
C0206,Anna Joseph,higginsrichard@example.com,2026-01-21,PREMIUM
C0207,William Nichols,omoore@example.org,2026-05-31,PREMIUM
C0208,Samantha Martinez,smithkevin@example.net,2025-11-26,REGULAR
C0209,Maria Kennedy,wolsen@example.com,2025-04-04,PREMIUM
C0210,Roger Ramsey,woodsmelissa@example.net,2023-10-23,PREMIUM
C0211,Samantha Rogers,blevinsjeremy@example.com,2025-11-14,VIP
C0212,Benjamin Young,jnewton@example.net,2024-08-08,PREMIUM
C0213,Shelly Jackson,jasonmoore@example.org,2024-05-31,REGULAR
C0214,Erin Miller,richardchristine@example.com,2025-09-28,PREMIUM
C0215,Brandon Cantrell,murphychristopher@example.net,2024-04-07,REGULAR
C0216,Nathan Ballard,krystalnovak@example.net,2026-07-09,PREMIUM
C0217,Michael Marsh,randy70@example.net,2025-01-01,VIP
C0218,Robert Meyer,david99@example.org,2024-04-07,PREMIUM
C0219,Jennifer West,annette86@example.org,2026-04-22,PREMIUM
C0220,Dalton Hernandez,kristingreen@example.org,2023-12-06,PREMIUM
C0221,David Davis,nschneider@example.com,2024-03-29,REGULAR
C0222,Mark Sandoval,stephensamy@example.com,2025-06-26,VIP
C0223,Peggy Rodriguez,davisashley@example.org,2025-07-16,VIP
C0224,Donald Moore,emilyadams@example.com,2025-12-06,REGULAR
C0225,Willie Hart,morganbrittany@example.org,2023-07-27,VIP
C0226,Justin Garcia,kellysimon@example.com,2025-08-24,PREMIUM
C0227,Amber Valenzuela,leenicole@example.org,2023-11-24,REGULAR
C0228,Donald Lee,matthew01@example.net,2023-11-03,PREMIUM
C0229,Peter Herring,smithheidi@example.org,2026-03-03,REGULAR
C0230,Michelle Mcdowell,ashlee67@example.net,2026-02-19,PREMIUM
C0231,Timothy Robinson,john47@example.net,2024-05-16,PREMIUM
C0232,William Ortiz,llopez@example.com,2023-11-15,VIP
C0233,Sean Gregory,gwilliams@example.org,2023-10-20,VIP
C0234,Kevin May,jenniferdavis@example.net,2025-02-19,REGULAR
C0235,Nicole Phillips,fergusonkaitlin@example.net,2024-10-13,REGULAR
C0236,Crystal Johnston,danielreynolds@example.com,2024-05-09,PREMIUM
C0237,Jennifer Hodges,ibarnes@example.com,2025-12-18,REGULAR
C0238,Angela Roman,michael61@example.net,2025-03-21,REGULAR
C0239,Stephanie Gill,nicoleboyd@example.net,2024-10-25,PREMIUM
C0240,Anna Morris,xhernandez@example.com,2026-02-04,PREMIUM
C0241,Mary Mosley,russelllaura@example.net,2024-09-13,VIP
C0242,Scott French,hollywhitehead@example.org,2026-02-17,REGULAR
C0243,Carlos Gillespie,christopherbanks@example.net,2024-08-19,VIP
C0244,Roberta Grimes,gaguilar@example.net,2024-01-31,PREMIUM
C0245,Thomas Ramirez,william48@example.com,2025-01-21,REGULAR
C0246,Terry Nguyen,reidamanda@example.org,2025-05-22,PREMIUM
C0247,Patricia Petty,yhensley@example.com,2024-07-27,VIP
C0248,Barbara Castaneda,acooke@example.com,2024-08-07,REGULAR
C0249,Joyce Martinez,austin13@example.com,2025-05-27,PREMIUM
C0250,Franklin Roberson,charles99@example.net,2023-09-21,REGULAR
C0251,Dustin Lewis,abrowning@example.net,2024-12-11,VIP
C0252,Michael Simpson,kellyterrell@example.org,2024-10-06,REGULAR
C0253,Jonathan Allen,allencarol@example.net,2026-02-23,PREMIUM
C0254,Aaron Carter,davenportjennifer@example.org,2025-06-04,REGULAR
C0255,Rebecca Frederick,graykimberly@example.net,2024-07-18,PREMIUM
C0256,Phillip King,donald03@example.org,2026-05-16,VIP
C0257,Brenda Evans,kkoch@example.org,2024-08-01,REGULAR
C0258,Henry Lee,justin43@example.com,2025-08-16,VIP
C0259,Richard Tate,tommyharris@example.org,2026-03-26,REGULAR
C0260,John Chapman,amanda53@example.org,2025-05-18,REGULAR
C0261,Ernest Rodriguez,meganjones@example.com,2025-02-20,PREMIUM
C0262,Joseph Taylor,ronniedavis@example.com,2025-11-07,PREMIUM
C0263,Amy Clark,annejackson@example.org,2024-11-08,REGULAR
C0264,Jennifer Maxwell,staceycalderon@example.org,2026-01-08,VIP
C0265,Shelby Miller,aholmes@example.net,2026-03-29,PREMIUM
C0266,Antonio Reyes,joshua84@example.org,2026-07-03,PREMIUM
C0267,David Sandoval,johnray@example.org,2024-04-04,REGULAR
C0268,Alicia Taylor,johnthompson@example.net,2024-05-18,VIP
C0269,Pam Hamilton,dillonroberson@example.net,2023-11-11,VIP
C0270,Amber Oconnor,ygrahamexample.net,2024-07-20,PREMIUM
C0271,Kyle Taylor,tracey06@example.net,2025-02-25,VIP
C0272,Jennifer Hawkins,ffisher@example.org,2026-05-26,REGULAR
C0273,Thomas Morris,parkerdarren@example.org,2023-08-31,PREMIUM
C0274,Kimberly Orr,donnawarren@example.com,2025-03-25,REGULAR
C0275,Gabrielle Warren,woodchelsea@example.org,2024-07-07,REGULAR
C0276,Brianna Garcia,whitejenna@example.org,2025-06-30,VIP
C0277,Sydney Mckinney,sean88@example.org,2023-09-23,VIP
C0278,Renee Robbins,jonessharon@example.com,2023-07-27,VIP
C0279,Wanda Garner,melinda58@example.com,2025-10-03,PREMIUM
C0280,Morgan Cox,marshallcolleen@example.org,2023-10-19,PREMIUM
C0281,Jennifer Conner,ashleyramos@example.com,2024-12-02,VIP
C0282,Lisa Reynolds,griosexample.net,2025-12-31,REGULAR
C0283,Lisa Smith,crystal39@example.com,2024-10-25,REGULAR
C0284,Michael Mccoy,angela88@example.com,2025-11-24,PREMIUM
C0285,Catherine Henry,jennifer28@example.com,2024-02-13,REGULAR
C0286,Teresa Brown,robinsontoni@example.net,2024-04-20,PREMIUM
C0287,Derek Shelton,dunnsharon@example.net,2026-01-11,REGULAR
C0288,Jaclyn Clark,schaefercrystal@example.org,2025-12-19,REGULAR
C0289,Joshua Tran,yvonnewilliams@example.com,2024-06-15,VIP
C0290,Toni Anthony,zmccoy@example.org,2023-12-10,PREMIUM
C0291,Jack Hunt,ryan00@example.org,2024-09-20,PREMIUM
C0292,Matthew Garrett,danielrobertson@example.net,2023-11-02,PREMIUM
C0293,Ryan Davis,charris@example.com,2025-02-13,REGULAR
C0294,Alicia Williams,kkennedy@example.com,2026-03-29,VIP
C0295,Joanna Thomas,pferguson@example.com,2024-05-03,PREMIUM
C0296,Herbert Roberts,gkelly@example.org,2025-12-18,VIP
C0297,Kelly Thompson,theodorejohnson@example.net,2024-04-23,PREMIUM
C0298,Christina Becker,kathyhoward@example.com,2024-09-30,REGULAR
C0299,Joann Burch,kaitlyncamacho@example.net,2024-06-10,PREMIUM
C0300,Kimberly Anderson,john83@example.net,2026-04-20,PREMIUM
C0301,Colleen Aguilar,haydeneileen@example.org,2025-01-11,VIP
C0302,Natalie Wong,kimberlyhughes@example.com,2025-02-19,VIP
C0303,Kevin Hernandez,lauraduncan@example.org,2025-08-26,VIP
C0304,Glenda Peck,johnshepherd@example.net,2026-06-28,REGULAR
C0305,Justin Salazar,tharvey@example.org,2024-05-09,REGULAR
C0306,Jamie Dennis,jorgepeterson@example.net,2024-11-03,REGULAR
C0307,Susan Marquez,mconley@example.net,2025-08-22,PREMIUM
C0308,Sabrina Bennett,toddroberts@example.com,2026-06-21,REGULAR
C0309,Amanda Mendoza,emily70@example.com,2025-04-14,VIP
C0310,Jeffrey Fernandez,knoxnathan@example.net,2025-06-03,PREMIUM
C0311,Jennifer Gordon,brownjacob@example.net,2024-07-25,VIP
C0312,Emily Allen,marshalltammy@example.net,2024-09-11,VIP
C0313,Chad Osborn,derekdavis@example.org,2026-05-29,REGULAR
C0314,Jacob Miller,hannah07@example.org,2026-01-10,PREMIUM
C0315,Heather Smith,cherylphillips@example.org,2023-11-11,VIP
C0316,Crystal Gray MD,bphillips@example.org,2023-09-04,PREMIUM
C0317,Carl Singleton,michael08@example.org,2026-04-06,VIP
C0318,Cathy Anderson,zrodgers@example.net,2024-06-17,PREMIUM
C0319,Rachel Doyle,tarabrennan@example.net,2025-12-11,PREMIUM
C0320,Barbara Brown,warrenkatie@example.com,2025-01-12,REGULAR
C0321,Heidi Graham,jordanjoshua@example.org,2023-08-20,REGULAR
C0322,Samantha Porter,gainesjack@example.net,2026-07-09,PREMIUM
C0323,Barbara Williams,hdalton@example.net,2025-05-29,PREMIUM
C0324,James Coleman,carolynellison@example.net,2025-06-11,REGULAR
C0325,Amanda Pierce,erik32@example.org,2023-10-13,VIP
C0326,Gregory King,dchandler@example.org,2026-02-09,REGULAR
C0327,Jessica Tucker,williamsjames@example.net,2025-09-12,PREMIUM
C0328,Desiree Gonzalez,jacksonjared@example.com,2025-03-05,REGULAR
C0329,James Gibson,andrew40@example.com,2024-12-13,VIP
C0330,Melissa Bright,petersemily@example.org,2026-03-05,PREMIUM
C0331,Pamela Gibson,bryan62@example.com,2024-01-26,VIP
C0332,Kimberly Bailey,ericksonshane@example.net,2024-07-13,PREMIUM
C0333,Ashley Whitaker,lsanchez@example.com,2024-09-08,PREMIUM
C0334,Mindy Daniels,eatonderek@example.com,2024-01-03,PREMIUM
C0335,Brian Park,tracey33@example.net,2026-04-17,VIP
C0336,Crystal Hicks,tmay@example.com,2025-01-29,PREMIUM
C0337,Sharon Bailey,psloan@example.com,2024-08-22,PREMIUM
C0338,Todd Martinez,milesdavid@example.net,2024-12-30,VIP
C0339,Mr. Daniel Joseph,wendyperez@example.org,2026-03-24,VIP
C0340,Christopher Johnson,courtneymoore@example.com,2024-11-29,REGULAR
C0341,Michelle Leach,harryrodriguez@example.net,2025-04-19,REGULAR
C0342,Drew Young,edwardhamilton@example.com,2024-07-24,REGULAR
C0343,Daniel Aguilar,michael16@example.com,2025-05-30,PREMIUM
C0344,Andrea Barnett,geoffrey46@example.com,2023-12-31,PREMIUM
C0345,Russell Garcia,jamespatterson@example.net,2023-10-20,REGULAR
C0346,Christine Simmons,xfernandez@example.org,2024-01-22,REGULAR
C0347,Jonathan Diaz,rachael61@example.com,2026-03-03,REGULAR
C0348,Lauren Wilson,christine96@example.com,2024-06-29,REGULAR
C0349,Brenda Dunn,keith03@example.com,2024-05-26,PREMIUM
C0350,Jessica Nelson,kmiller@example.com,2023-09-08,PREMIUM
C0351,Willie Kelly,benjamin26@example.com,2024-06-13,REGULAR
C0352,Omar Moreno,barajaspriscilla@example.net,2023-10-06,REGULAR
C0353,Kevin Waters,mperry@example.org,2026-07-01,REGULAR
C0354,Javier Orozco,fernandezraven@example.net,2026-01-14,REGULAR
C0355,Carrie Tucker,charles51@example.org,2025-12-24,PREMIUM
C0356,Karen Rich,cedwards@example.com,2025-05-01,REGULAR
C0357,Daniel Guerra,estesbeth@example.net,2025-10-21,PREMIUM
C0358,Joshua Patterson,donaldporter@example.com,2025-04-29,REGULAR
C0359,Danielle Ortega,morrisanthony@example.org,2025-09-24,VIP
C0360,Michael Allen,jcrosby@example.net,2025-07-23,VIP
C0361,Peggy Mckinney,johnsonpeter@example.com,2024-12-07,VIP
C0362,Nicole Curtis,sydney10@example.com,2025-03-02,REGULAR
C0363,Donna Porter,justinhartman@example.net,2024-06-10,PREMIUM
C0364,Abigail Brown,james09@example.org,2024-07-30,REGULAR
C0365,William Thomas,thomasjimenez@example.org,2024-01-23,PREMIUM
C0366,Crystal Castro,petersonscott@example.org,2023-11-08,VIP
C0367,Sara Christensen,thomas12@example.com,2026-03-30,PREMIUM
C0368,Cindy Christensen,zgilbert@example.com,2026-01-09,REGULAR
C0369,Jon Brown,kkim@example.com,2023-07-19,VIP
C0370,Michelle Mcclain,hansoncory@example.com,2023-08-21,REGULAR
C0371,Courtney Brown,kristinacummings@example.net,2025-08-12,PREMIUM
C0372,Kathy Mccarthy,morrismiguel@example.net,2025-11-23,REGULAR
C0373,Elizabeth Bryant,rushjessica@example.com,2026-03-18,VIP
C0374,Gabriel Bowers,kingjennifer@example.com,2026-03-04,VIP
C0375,William Ortiz,philip75@example.net,2025-11-10,VIP
C0376,Nathan Castro,pswanson@example.com,2023-08-07,VIP
C0377,Charlotte Brown,jenniferbell@example.org,2024-09-02,REGULAR
C0378,Paige Ramirez,baldwinjeff@example.net,2025-05-30,VIP
C0379,Charles Rodriguez,lewislisa@example.com,2026-03-03,PREMIUM
C0380,Christopher Brown Jr.,icarpenter@example.net,2023-09-12,REGULAR
C0381,William Sanchez,kingmichael@example.net,2024-02-19,VIP
C0382,George Kaufman,bwalker@example.org,2026-02-13,REGULAR
C0383,Christina Cooper,jmorgan@example.com,2026-05-18,VIP
C0384,Mr. Jacob Smith MD,timothybarnett@example.com,2026-02-18,PREMIUM
C0385,Emily Reyes,ogillespie@example.net,2023-09-23,VIP
C0386,Melinda Carroll MD,holtdaniel@example.com,2026-02-25,PREMIUM
C0387,Craig Nixon,yatesrobert@example.net,2025-10-21,REGULAR
C0388,Melody Jones,jmartin@example.com,2024-09-30,REGULAR
C0389,Robert Hayes,williamsjonathan@example.net,2024-01-31,VIP
C0390,Robert White,angelascott@example.com,2023-12-10,REGULAR
C0391,Danielle Herrera,zacharysmith@example.net,2025-08-05,REGULAR
C0392,Karen Jensen,contrerasanna@example.net,2023-08-10,VIP
C0393,Debra Salazar,matthew67@example.org,2023-07-27,REGULAR
C0394,Lydia Lopez,lisamason@example.org,2023-12-26,REGULAR
C0395,Cynthia Evans,higginsryanexample.org,2024-06-03,VIP
C0396,Joe Steele,davisshannon@example.com,2026-02-20,REGULAR
C0397,Cheryl Lozano,pconley@example.org,2025-05-19,REGULAR
C0398,Lacey Green,pamelaedwards@example.net,2026-05-04,PREMIUM
C0399,Melanie Holland,lsmith@example.com,2024-12-01,REGULAR
C0400,Katie Williams,lesliegoodwin@example.com,2026-01-06,REGULAR
C0401,Gabrielle Wade,patriciareed@example.com,2023-12-21,REGULAR
C0402,Rebecca Chavez,kathyadams@example.org,2024-09-12,VIP
C0403,Lauren Jordan,jessica35@example.org,2024-06-22,VIP
C0404,Samantha Jones,thomaswright@example.net,2025-12-14,PREMIUM
C0405,Wendy Miller,turnerdylan@example.org,2024-02-15,REGULAR
C0406,James Hall,tbenitez@example.com,2023-11-13,PREMIUM
C0407,Thomas Bean,qpadilla@example.org,2025-07-05,PREMIUM
C0408,Amber Williams,mccormicktheresa@example.org,2025-03-11,PREMIUM
C0409,Gabrielle Salazar,dominic77@example.net,2024-09-12,VIP
C0410,Jacob Wong,meagan21@example.com,2025-05-08,VIP
C0411,Phyllis Franklin,rhall@example.net,2023-08-24,VIP
C0412,Eric Huang,alicia78@example.com,2024-11-11,VIP
C0413,Diane Glover,carolinehernandez@example.com,2025-09-26,REGULAR
C0414,Sabrina Jackson,james32@example.org,2025-10-02,PREMIUM
C0415,Steven Morgan,michaelkim@example.com,2025-04-17,VIP
C0416,Kimberly Fuller,jessicachoi@example.net,2026-01-17,VIP
C0417,Brandon Morgan,kelly65@example.com,2023-11-12,PREMIUM
C0418,Ashley Smith,elizabethedwards@example.net,2023-11-27,PREMIUM
C0419,Timothy Perry,bmitchell@example.net,2025-10-31,REGULAR
C0420,Stephen Hopkins,janethomas@example.net,2024-01-26,REGULAR
C0421,Marie Nixon,hobbsraymond@example.com,2024-09-26,REGULAR
C0422,Jeffrey Howard,hlee@example.com,2026-03-29,REGULAR
C0423,Aaron Garcia,hmassey@example.net,2026-02-18,PREMIUM
C0424,Virginia Gray,gavinmiller@example.org,2026-02-17,VIP
C0425,Jennifer Wheeler,stephanie60@example.org,2025-06-25,REGULAR
C0426,Dr. Sophia Charles,terryjones@example.com,2025-03-13,REGULAR
C0427,Jacob Davis,elizabethwilliamsonexample.net,2025-01-20,PREMIUM
C0428,William Zimmerman,jasmine41@example.com,2025-08-26,REGULAR
C0429,Ronnie Dalton,donald76@example.com,2025-05-26,VIP
C0430,Jessica Saunders,beth21@example.net,2025-04-12,REGULAR
C0431,Samuel Nicholson,nalvarez@example.net,2025-05-18,REGULAR
C0432,Connie Hernandez,meyerjeffrey@example.com,2023-09-22,REGULAR
C0433,Tiffany Villa,qryan@example.com,2024-02-04,VIP
C0434,Debbie Lopez,rebecca41@example.com,2023-07-21,REGULAR
C0435,Scott Ward,fortiz@example.org,2025-05-15,PREMIUM
C0436,Samuel Johnson,klowe@example.com,2023-07-15,VIP
C0437,Ethan Pena,jennifer87@example.com,2025-06-26,VIP
C0438,Caitlin Garner,pjohnson@example.org,2025-01-25,REGULAR
C0439,Anthony Stevens,armstrongashley@example.org,2024-08-21,VIP
C0440,Victoria Coleman,colleenthompson@example.com,2025-08-25,VIP
C0441,Richard Evans,floresmary@example.net,2026-07-02,REGULAR
C0442,Karen Howard,fgill@example.org,2026-02-21,REGULAR
C0443,William Arnold,wedwards@example.org,2024-11-20,PREMIUM
C0444,Willie Lutz,jennifer90@example.org,2025-06-29,VIP
C0445,Christine Dean,john79@example.net,2026-03-01,PREMIUM
C0446,Timothy Hess,jeffrey56@example.com,2024-02-18,REGULAR
C0447,Amy Young,cookbrenda@example.com,2024-02-04,VIP
C0448,Jeremy Webb,ywilson@example.org,2024-10-16,VIP
C0449,Andrea Holmes,martinjames@example.com,2025-06-04,PREMIUM
C0450,Melanie Wright,juliehicks@example.com,2024-05-16,PREMIUM
C0451,Johnny Gross,thomasmarie@example.com,2025-05-07,VIP
C0452,Kevin King,brian76@example.org,2026-01-25,VIP
C0453,Jennifer Edwards,rileybob@example.net,2025-10-01,PREMIUM
C0454,Kimberly Turner,heather64@example.org,2024-04-25,PREMIUM
C0455,David Conley,kyle89example.org,2024-02-20,REGULAR
C0456,Dominic Brown,tramsey@example.org,2025-01-15,REGULAR
C0457,Nathan Garcia,michaelpayne@example.org,2025-04-24,VIP
C0458,Anthony Smith,brownchristine@example.org,2023-09-07,PREMIUM
C0459,Antonio Ross,marymartinez@example.net,2026-02-18,PREMIUM
C0460,Kayla Knight,keith11@example.org,2025-08-15,REGULAR
C0461,Harold Pittman,rortiz@example.net,2025-05-10,REGULAR
C0462,Gregory Burch,michael83@example.org,2024-01-19,VIP
C0463,Ashley Brown,yatesjonathan@example.net,2023-12-07,REGULAR
C0464,Barbara Rodriguez,jenniferbeasley@example.com,2024-05-30,REGULAR
C0465,Sarah Orr,cookaaron@example.net,2025-04-04,REGULAR
C0466,Alex Pace,robert42@example.com,2025-01-08,VIP
C0467,Mitchell Oneal,charleslee@example.com,2024-12-30,VIP
C0468,Kim Bowen,adrianharris@example.com,2024-04-06,PREMIUM
C0469,Gina Russell,stephanieadams@example.com,2025-12-21,REGULAR
C0470,Kevin Tran,hernandezzachary@example.net,2025-02-02,REGULAR
C0471,Teresa Larsen,jennifer06@example.net,2026-06-28,VIP
C0472,Stephanie Richardson,perrychristopher@example.org,2025-09-13,REGULAR
C0473,Christopher Hill,katherine62@example.net,2025-01-04,VIP
C0474,Rebecca Garcia,steven21@example.net,2023-08-26,REGULAR
C0475,Derrick Miller,nicholas81@example.com,2025-01-10,REGULAR
C0476,Michael Ryan,kelseymoses@example.com,2023-10-11,VIP
C0477,Matthew Ramos,laurenyoung@example.org,2023-11-24,PREMIUM
C0478,Tracie Salinas,ashley42@example.org,2024-10-30,REGULAR
C0479,Tina Carrillo,yangkristen@example.org,2023-12-23,PREMIUM
C0480,Matthew Davis,zacharylee@example.com,2025-12-28,REGULAR
C0481,Ashlee Williams,kellersteven@example.net,2023-11-06,REGULAR
C0482,Jenna James,hhorton@example.org,2023-12-13,PREMIUM
C0483,Valerie Graham,carolinemitchell@example.com,2025-02-01,VIP
C0484,Megan Johnson,qjohnson@example.net,2025-09-02,PREMIUM
C0485,Ryan Mckinney,gmartin@example.org,2023-10-21,VIP
C0486,Michael Ward,orozcomatthew@example.org,2024-02-28,REGULAR
C0487,Andre Curtis,spencerharmon@example.org,2025-06-11,PREMIUM
C0488,Terri White,leslie72@example.com,2025-12-06,VIP
C0489,Thomas Turner,sandovaledward@example.org,2024-07-04,REGULAR
C0490,James Moore,webbstephanie@example.org,2023-11-05,REGULAR
C0491,John Jordan,brettfleming@example.org,2025-08-20,REGULAR
C0492,Jared Gonzalez,rscott@example.org,2025-06-28,REGULAR
C0493,Kathleen Tyler,dlopez@example.net,2024-07-26,VIP
C0494,Stephanie Chapman,jason35@example.org,2026-02-24,REGULAR
C0495,Paul Harris,hernandezkim@example.com,2023-08-12,PREMIUM
C0496,Douglas Rivera,sjohnson@example.com,2025-12-30,PREMIUM
C0497,Sherry Miller,hannah66@example.org,2025-02-07,VIP
C0498,Amy Floyd,louisrandall@example.com,2025-07-02,REGULAR
C0499,Briana Stevens,nicholas50@example.net,2024-04-06,VIP
C0500,Juan Barajas,hintonkaren@example.net,2025-01-01,REGULAR
C0501,David Carroll,wjohns@example.net,2025-04-09,VIP
C0502,Sara Rodriguez,joan02@example.net,2023-10-17,VIP
C0503,Eugene Kirby,victor10@example.org,2024-09-26,REGULAR
C0504,Aaron Bates,phillip46@example.com,2025-05-26,REGULAR
C0505,Danielle Jensen MD,lauriegonzales@example.com,2025-10-24,PREMIUM
C0506,Tyler Odonnell,nmitchell@example.org,2025-11-04,REGULAR
C0507,Nicholas Santana,wthomas@example.org,2024-09-26,PREMIUM
C0508,Jose Thompson,montgomeryrebecca@example.com,2025-01-06,PREMIUM
C0509,Kimberly Boyle,anthonypierce@example.org,2025-07-21,VIP
C0510,Mikayla Campos,krystal28@example.org,2025-02-12,VIP
C0511,Mrs. Joan Roberts,kcox@example.com,2026-01-08,REGULAR
C0512,Elizabeth Garcia,desireewilson@example.net,2023-11-10,PREMIUM
C0513,Matthew Brown,jessicahill@example.net,2024-11-26,VIP
C0514,Teresa Whitney,kyle60@example.net,2024-06-23,REGULAR
C0515,Stephen Mcclure,matthewpage@example.net,2023-07-25,VIP
C0516,Carolyn Hughes,peter77@example.org,2023-11-08,PREMIUM
C0517,Jennifer Washington,mortonphillip@example.org,2024-11-17,REGULAR
C0518,Stefanie Wilkinson,zwalker@example.net,2025-07-14,REGULAR
C0519,Brandi Kelly,gabriellerichardson@example.com,2025-08-25,REGULAR
C0520,Christopher Stewart,jeanphillips@example.net,2026-07-10,REGULAR
C0521,Katie Schmidt,morrisjulian@example.net,2024-07-01,PREMIUM
C0522,Maria Kim,nancy21@example.org,2023-09-29,PREMIUM
C0523,Derek Snow,michaelwright@example.net,2026-01-29,VIP
C0524,Ryan James,jenniferholden@example.net,2024-05-28,PREMIUM
C0525,Bruce Murray,jacquelinestewart@example.org,2025-01-18,REGULAR
C0526,Rebecca Howard,christopher67@example.net,2024-04-08,PREMIUM
C0527,Colleen Cohen,reyeslaura@example.net,2024-02-27,PREMIUM
C0528,David Bell,mfarmer@example.com,2026-06-01,PREMIUM
C0529,Sara Brown,michelle19@example.org,2024-05-03,PREMIUM
C0530,Molly Clark,katherinebray@example.com,2025-04-29,PREMIUM
C0531,Mary Adams,jonathan45@example.com,2024-01-15,REGULAR
C0532,Jessica Price,jquinn@example.org,2025-06-09,PREMIUM
C0533,Ryan Hudson,warnerchristina@example.org,2026-04-27,VIP
C0534,Frederick Rodriguez,oliviagentry@example.com,2024-03-21,VIP
C0535,Michael Black,hillsarah@example.com,2026-06-21,REGULAR
C0536,Michael Robles,hallalexander@example.org,2026-06-05,REGULAR
C0537,Shawn Hendrix,christopher58@example.org,2025-11-18,VIP
C0538,Mary Maldonado,davisjill@example.net,2024-07-14,VIP
C0539,Natalie Joseph,lisa25@example.net,2025-07-14,REGULAR
C0540,Aaron Watson,brittanycameron@example.org,2024-08-13,VIP
C0541,Courtney Brown,cynthiamoreno@example.org,2024-09-23,VIP
C0542,Brian Moore,christophersteele@example.org,2024-05-15,PREMIUM
C0543,Lisa Bennett,apriljarvis@example.org,2025-01-19,PREMIUM
C0544,Michael Sosa,sarabailey@example.net,2024-04-23,VIP
C0545,Mrs. Jacqueline Austin MD,kenneth61@example.com,2024-08-01,REGULAR
C0546,Jeremy Arias,melissamiller@example.net,2024-08-24,VIP
C0547,Amber James,idrake@example.net,2024-03-27,PREMIUM
C0548,Jonathan Moore,raynicholas@example.com,2025-03-16,REGULAR
C0549,Penny Bennett,gregoryhiggins@example.org,2023-12-06,VIP
C0550,Jorge Day,sarahbarrexample.com,2023-08-21,PREMIUM
C0551,Eric Brooks,sflores@example.net,2026-07-10,VIP
C0552,Joel Peters,asantos@example.net,2024-10-10,PREMIUM
C0553,Samantha Dickson,leonardmcdonald@example.net,2024-07-14,VIP
C0554,Jennifer Lee,jonesanthony@example.org,2025-10-31,PREMIUM
C0555,Mark Aguilar,hfrench@example.net,2024-05-17,VIP
C0556,Lucas Pearson,guy75@example.com,2025-04-20,VIP
C0557,Anthony Downs,christopher68@example.net,2025-03-17,PREMIUM
C0558,James Hayden,mariamcmahon@example.org,2025-04-24,VIP
C0559,Juan Burns,jason12@example.net,2025-06-06,PREMIUM
C0560,Christopher Jackson,juliebell@example.org,2023-10-25,PREMIUM
C0561,Bradley Brady,kimberlyvazquez@example.com,2024-08-06,VIP
C0562,Cesar Weaver,ehumphrey@example.com,2025-04-02,PREMIUM
C0563,John Morrison,dustincook@example.com,2024-08-18,REGULAR
C0564,Patricia Boyd,ucollins@example.org,2024-08-21,VIP
C0565,Brandi Smith,micheal28@example.com,2023-11-04,REGULAR
C0566,Denise Mcdonald,jessicagallegos@example.net,2025-05-30,PREMIUM
C0567,Jennifer Johnson,kimking@example.org,2024-11-19,REGULAR
C0568,Anna Fischer,steven07@example.net,2025-08-06,PREMIUM
C0569,Mark Gomez,jennifer39@example.net,2025-05-29,VIP
C0570,Lori Rodriguez,victoriabradleyexample.com,2026-04-02,REGULAR
C0571,Gina Ford,montoyacarla@example.com,2025-03-04,PREMIUM
C0572,Emily Price,creyes@example.com,2025-04-16,VIP
C0573,John Hendricks,hilldaniel@example.net,2025-03-08,VIP
C0574,Caleb Williams,brownanneexample.org,2025-06-21,VIP
C0575,Daniel Schroeder,matthewstone@example.net,2025-12-06,VIP
C0576,Jennifer Blankenship,rebeccadavis@example.org,2023-11-22,PREMIUM
C0577,Cesar Solis,christian26@example.org,2025-08-15,REGULAR
C0578,Deborah Wang,armstrongmary@example.org,2024-10-06,VIP
C0579,Mario Pacheco,michaelhughes@example.org,2025-06-17,PREMIUM
C0580,Brittany Snow,danieljohnson@example.com,2024-08-22,VIP
C0581,Erika Willis,madison32@example.org,2025-11-25,VIP
C0582,Audrey Lang,muellerrobert@example.com,2025-12-22,VIP
C0583,Sarah Turner,ljames@example.com,2024-04-08,VIP
C0584,Dr. John Holmes,wcosta@example.org,2023-11-22,REGULAR
C0585,Ronald Romero,tabithasmith@example.org,2025-10-02,PREMIUM
C0586,Laura Christian,zerickson@example.net,2023-09-01,PREMIUM
C0587,Jacqueline Garza,fholt@example.com,2023-08-18,VIP
C0588,Danielle Evans,jessicaelliott@example.org,2026-06-23,REGULAR
C0589,Heather Boyd,evanlopez@example.org,2025-12-11,VIP
C0590,Tamara Allen,briansanchez@example.com,2025-01-30,PREMIUM
C0591,Lisa Martinez,sanchezharold@example.com,2026-05-01,VIP
C0592,Juan Bradshaw,ecrawford@example.org,2025-03-12,VIP
C0593,Teresa Park,spencer12@example.org,2024-07-09,VIP
C0594,Laura Jacobs,lcortez@example.org,2024-08-18,REGULAR
C0595,Victoria Hogan,vickimoreno@example.com,2025-02-19,VIP
C0596,Taylor Andersen,joseph18@example.org,2025-01-04,REGULAR
C0597,Philip Berry,sandersashley@example.com,2025-02-12,PREMIUM
C0598,Brian Hunt,weberjamie@example.org,2023-09-05,VIP
C0599,Michael Ray,allisonflores@example.net,2024-11-02,REGULAR
C0600,Michele King,annahayes@example.org,2025-09-17,REGULAR
C0601,Carla Harris,nelsonmaria@example.org,2024-06-01,REGULAR
C0602,Amy Clark,matthew85@example.com,2024-02-26,VIP
C0603,Angela Jenkins,erika55@example.org,2025-05-07,VIP
C0604,Samantha Parsons,edwardswilliam@example.org,2024-02-07,REGULAR
C0605,Travis Franklin,morrisonnathan@example.com,2025-03-15,PREMIUM
C0606,Cindy Finley,bobby17@example.net,2024-05-18,VIP
C0607,Renee Hickman,madelineortegaexample.com,2024-09-25,REGULAR
C0608,Jonathan Johnson,rmcneil@example.com,2025-07-26,PREMIUM
C0609,Jennifer Anderson,mckenzie62@example.org,2023-07-26,PREMIUM
C0610,Elizabeth Turner,landrycody@example.net,2024-08-06,VIP
C0611,Clayton Hall,amber90@example.net,2025-09-19,VIP
C0612,Kathryn Ross,vsanchez@example.com,2024-05-10,REGULAR
C0613,Jasmine Evans,jillchen@example.org,2024-09-11,PREMIUM
C0614,Natasha Padilla,serranopatricia@example.net,2024-04-14,REGULAR
C0615,Lee Johnson,jasonroman@example.net,2024-11-26,PREMIUM
C0616,Luis Arnold,scott04@example.net,2025-09-11,PREMIUM
C0617,Ann Watts,pboone@example.org,2024-01-03,REGULAR
C0618,Brett Hamilton,hoanna@example.com,2024-06-13,VIP
C0619,Laurie Vega,bradleypennington@example.org,2026-02-23,VIP
C0620,Katie Bruce,terribennett@example.com,2024-08-05,PREMIUM
C0621,David Martin,ronaldrodriguez@example.org,2025-07-25,PREMIUM
C0622,Jennifer Chase,wellsjustinexample.com,2026-05-17,REGULAR
C0623,Matthew Grant,theresa54@example.com,2024-09-04,PREMIUM
C0624,Elizabeth Conway,scott57@example.com,2024-11-04,REGULAR
C0625,Jennifer Mckenzie,william31@example.org,2024-04-18,PREMIUM
C0626,Anna Walker,ucrosby@example.org,2025-03-27,VIP
C0627,Jennifer Weaver,jlarson@example.com,2024-07-14,REGULAR
C0628,Anna Sanders,aguilarjesse@example.org,2024-12-18,VIP
C0629,Lisa Rivas,zsalas@example.net,2024-07-05,REGULAR
C0630,Krystal Taylor,hopkinsryan@example.net,2024-09-17,VIP
C0631,Michelle Ibarra,hoganlisa@example.com,2026-07-02,REGULAR
C0632,Lisa Hayes,darlene23@example.net,2025-10-28,PREMIUM
C0633,Michele Brooks,juan25@example.net,2024-06-21,PREMIUM
C0634,Kelly Miller,bbarnett@example.net,2024-11-15,PREMIUM
C0635,Seth Pierce,lisa09@example.org,2025-06-07,REGULAR
C0636,Joseph Ford,jacobward@example.org,2025-08-16,PREMIUM
C0637,Travis Hamilton,jschwartz@example.org,2025-08-04,REGULAR
C0638,Stacy Bell,megan35@example.net,2024-01-18,PREMIUM
C0639,Amanda Hensley,brittany91@example.com,2025-04-05,VIP
C0640,Jordan Nelson,morgan98@example.org,2023-10-27,VIP
C0641,Sarah Matthews,lmeadows@example.org,2025-09-01,VIP
C0642,Sandra Freeman,meganspencer@example.org,2026-04-12,PREMIUM
C0643,Ronald Hansen,brownmichael@example.org,2026-01-14,REGULAR
C0644,Kelly Butler,howellcarolyn@example.net,2025-01-28,VIP
C0645,Christopher Stevens,rachaelcooper@example.com,2025-04-04,PREMIUM
C0646,Laura Nelson,rayalex@example.org,2025-04-08,VIP
C0647,Robert Bell,hawkinsterri@example.com,2023-08-12,VIP
C0648,Jessica Smith,xwallace@example.net,2026-04-18,VIP
C0649,Paula Moore,melissadaniels@example.com,2024-05-05,REGULAR
C0650,Jane Stewart,lonniegrimes@example.org,2026-04-01,PREMIUM
C0651,Amber Thomas,williamsjeffrey@example.org,2025-06-14,PREMIUM
C0652,Kyle Faulkner,shannonbowen@example.net,2025-06-15,PREMIUM
C0653,Tyler Bonilla,zrobinson@example.net,2023-11-26,REGULAR
C0654,Christopher Byrd,stephaniebryan@example.com,2024-11-17,PREMIUM
C0655,Michael Ray,abigailburns@example.net,2025-10-08,PREMIUM
C0656,Gerald Gentry,newtonmolly@example.com,2024-05-16,VIP
C0657,Samantha Daniels,bradshawchristian@example.com,2024-03-16,PREMIUM
C0658,Christopher Mcdonald,vjones@example.org,2024-07-05,VIP
C0659,Tara Williams,grantrangel@example.net,2025-07-02,REGULAR
C0660,Bobby Moore,heatherzuniga@example.com,2024-06-28,VIP
C0661,John Sherman,corey26@example.com,2024-03-08,PREMIUM
C0662,Gregory Russell,michaelperez@example.com,2026-04-12,PREMIUM
C0663,Sarah Yates MD,perryheather@example.org,2025-07-22,PREMIUM
C0664,Richard Soto,edwardkrause@example.org,2025-04-25,VIP
C0665,Crystal Prince,rachel56@example.net,2024-11-14,PREMIUM
C0666,David Ramirez,suzannecervantes@example.com,2026-03-04,VIP
C0667,Tina Zhang,michaelgray@example.com,2026-05-15,PREMIUM
C0668,Barbara Garrett,elizabethwilliams@example.org,2024-10-11,REGULAR
C0669,Rebecca Peterson,reevesnicholas@example.org,2026-05-01,VIP
C0670,Samantha Huerta,terrystephanie@example.com,2024-10-18,REGULAR
C0671,Kara Vance,oscar60@example.org,2026-04-13,VIP
C0672,Paul Moore,veronica13@example.com,2024-04-10,PREMIUM
C0673,Stephanie Rios,brian26@example.com,2024-02-22,VIP
C0674,Emily Tran,jamesrogers@example.org,2024-12-15,VIP
C0675,Stephanie Whitehead,corey95@example.org,2026-04-13,VIP
C0676,Kristina Miller,boothgabriel@example.org,2023-12-14,PREMIUM
C0677,Jesus Gray,espinozajohnny@example.net,2024-03-20,PREMIUM
C0678,Calvin Williams,smithmichelle@example.org,2024-07-11,VIP
C0679,Joseph Nelson,ccrawford@example.net,2023-09-24,REGULAR
C0680,Andrew Cross,nicholesimon@example.com,2025-02-18,REGULAR
C0681,William Maxwell,tracy05@example.org,2023-12-11,REGULAR
C0682,Ann Jensen,icollins@example.com,2024-01-19,PREMIUM
C0683,Brett Smith,ericmiller@example.org,2026-07-01,PREMIUM
C0684,Brendan Davila,swhite@example.net,2024-04-01,REGULAR
C0685,Samantha Lambert,gphillips@example.net,2024-11-15,VIP
C0686,James Contreras,shannon09@example.org,2025-08-09,PREMIUM
C0687,David Gonzalez,danielwilliams@example.com,2024-07-23,PREMIUM
C0688,Jane Patel,derrickjohnston@example.org,2025-03-01,PREMIUM
C0689,Ashley Williams,stevenmaynard@example.net,2024-10-20,PREMIUM
C0690,Michael Davis,rnguyen@example.net,2025-04-11,VIP
C0691,Michael Rodriguez,lramos@example.net,2024-03-10,PREMIUM
C0692,Amanda Guerra,xgross@example.net,2025-02-07,VIP
C0693,Megan Rogers,wblack@example.net,2024-11-05,PREMIUM
C0694,Micheal Michael,hartpatricia@example.com,2024-09-03,VIP
C0695,Angela Ibarra,danielnoble@example.net,2024-10-12,PREMIUM
C0696,James Frank,kbruce@example.net,2026-02-06,PREMIUM
C0697,Craig Delacruz,ishah@example.org,2025-06-23,REGULAR
C0698,Ronald Fritz,mackenzielopez@example.org,2025-12-08,PREMIUM
C0699,Mrs. Nicole Cervantes DDS,jonathan74@example.org,2024-11-21,PREMIUM
C0700,Grace Dean,brettbond@example.org,2025-05-26,VIP
C0701,Douglas Raymond,april13@example.com,2025-08-16,PREMIUM
C0702,Shawn Holloway,rogernovak@example.net,2024-02-09,REGULAR
C0703,Anthony Martin,robert72@example.org,2024-07-28,VIP
C0704,Brandon Franco,anthony73@example.net,2025-07-16,REGULAR
C0705,Tina Barnes,garynichols@example.org,2025-02-08,PREMIUM
C0706,Rita Moore,egibson@example.org,2023-09-09,PREMIUM
C0707,Melissa Holland,angela58@example.org,2025-06-07,PREMIUM
C0708,Lance Ramirez,rgriffith@example.net,2025-02-26,PREMIUM
C0709,Stephanie Wagner,gillespiejose@example.com,2024-03-01,REGULAR
C0710,Omar Newton,hendersonjoan@example.net,2023-10-10,PREMIUM
C0711,Jeanette Brown,lbrown@example.com,2024-10-20,REGULAR
C0712,Alexa Smith,egriffin@example.org,2025-02-24,VIP
C0713,Connie Shepherd,alexanderkramer@example.net,2024-04-05,VIP
C0714,Michael Williams,andersonjoshua@example.com,2024-12-18,REGULAR
C0715,Jason Wilson,stanleyshaw@example.net,2026-01-05,PREMIUM
C0716,Samuel Gonzalez,jasongilbert@example.org,2025-05-04,VIP
C0717,Margaret Sanders,brownstephen@example.net,2025-02-28,VIP
C0718,Catherine Brown,paulclark@example.com,2023-12-24,VIP
C0719,Michelle Evans,iestrada@example.org,2026-03-26,PREMIUM
C0720,David Walker,williamsvickie@example.net,2026-07-01,REGULAR
C0721,Amber Cooper,timothy36@example.net,2024-05-16,VIP
C0722,Alexander Sanchez,jasonfigueroa@example.org,2025-06-25,VIP
C0723,Sandra Riggs,stricklandjonathan@example.com,2024-12-15,PREMIUM
C0724,John Casey,qwhite@example.net,2026-02-10,VIP
C0725,Robert Schroeder,tsnyder@example.com,2024-08-29,VIP
C0726,Colton Diaz,bmartinez@example.com,2026-01-22,VIP
C0727,Jessica Harris,jacksontara@example.com,2026-04-20,VIP
C0728,Chris Johnson,ortizjennifer@example.net,2026-01-07,PREMIUM
C0729,Megan Nelson,billlopez@example.com,2025-01-17,PREMIUM
C0730,Aaron Brock,steven19@example.org,2026-02-03,VIP
C0731,Austin Jones Jr.,nmills@example.com,2025-06-30,VIP
C0732,Jerry Martin,millerjesus@example.org,2025-12-06,REGULAR
C0733,Julie Smith,sandra68@example.net,2024-08-02,REGULAR
C0734,Courtney Lawrence,margaretmartinez@example.net,2024-04-01,REGULAR
C0735,Christopher Stevenson,rcarter@example.com,2026-05-30,VIP
C0736,Ryan Hill,dperez@example.net,2023-09-28,PREMIUM
C0737,Beth Vaughn,stephaniegraham@example.org,2024-04-08,PREMIUM
C0738,Craig Wilson MD,pcraig@example.org,2024-05-25,PREMIUM
C0739,Paul Garrett,christine89example.com,2024-11-10,REGULAR
C0740,Gina Palmer,sethwalker@example.org,2025-10-03,VIP
C0741,Justin Davidson,stacey98@example.com,2025-12-27,VIP
C0742,Robert Drake,hicksjustin@example.com,2026-02-28,VIP
C0743,Tracey Myers,opalmer@example.net,2023-08-02,PREMIUM
C0744,David Griffith,tonibecker@example.org,2026-01-29,VIP
C0745,Greg Small,turnerlarry@example.org,2026-01-19,PREMIUM
C0746,Christine Hughes,nelsoncathy@example.com,2024-06-17,PREMIUM
C0747,Samuel Griffin,shieldsrobert@example.com,2026-04-02,PREMIUM
C0748,John Smith Jr.,josevelasquez@example.com,2025-09-08,PREMIUM
C0749,Troy Walters,morrowjennifer@example.org,2024-12-29,VIP
C0750,Matthew Smith,jacob55@example.org,2023-12-31,REGULAR
C0751,Rachel Owens,bwelch@example.com,2025-01-22,REGULAR
C0752,Clifford Vincent,houstonmallory@example.org,2026-05-24,PREMIUM
C0753,Thomas Patel,randy94@example.com,2025-09-04,VIP
C0754,Maria Wall,omcmillan@example.net,2023-10-19,PREMIUM
C0755,Marvin Myers,amandaschmidt@example.com,2025-08-26,REGULAR
C0756,Jennifer Bush,jacquelinelara@example.com,2025-11-27,PREMIUM
C0757,Jeffrey Heath,lauraking@example.net,2024-10-13,PREMIUM
C0758,Christopher Potts,ashley51@example.net,2025-08-07,VIP
C0759,Erika Johnson,russellbilly@example.com,2024-10-12,PREMIUM
C0760,Parker Holmes,erinbennett@example.org,2023-11-16,PREMIUM
C0761,Ryan Mccarthy,rhondavargas@example.org,2024-10-11,PREMIUM
C0762,Megan Meadows,sfitzpatrick@example.net,2025-05-12,REGULAR
C0763,Diane Caldwell,seanreed@example.org,2025-01-08,VIP
C0764,Isabel Buchanan,brooke50@example.com,2024-03-29,VIP
C0765,Randy Davis,mcintoshdana@example.net,2025-01-13,REGULAR
C0766,Mr. Michael Smith,ronald92@example.org,2026-06-28,VIP
C0767,James Flores,toddcarroll@example.net,2025-12-19,REGULAR
C0768,Joseph Harris,oburgess@example.org,2024-12-13,VIP
C0769,Heather Combs,lmartin@example.net,2026-01-16,PREMIUM
C0770,Tim Robertson,michaelsuarez@example.com,2024-08-29,VIP
C0771,Jonathan Miles,evanscassandra@example.com,2025-03-28,REGULAR
C0772,Tracy Jackson,lisamiller@example.com,2025-05-16,REGULAR
C0773,Michael Williams,marissarivers@example.org,2023-10-08,VIP
C0774,Peter Williams,ellen54@example.net,2025-09-06,VIP
C0775,Lisa Bowen,pwilliams@example.net,2024-05-12,REGULAR
C0776,Allison Fuentes,hprince@example.net,2024-07-02,REGULAR
C0777,Paul Hoffman,onorris@example.com,2025-03-27,VIP
C0778,Heidi Clark,johnsmith@example.net,2024-06-04,PREMIUM
C0779,Kathryn Adams,suzanne54@example.net,2023-12-04,VIP
C0780,Jimmy Jackson,zlester@example.com,2024-02-22,PREMIUM
C0781,Chris Sellers,umarquez@example.com,2025-10-05,REGULAR
C0782,Scott White,andrewalvarez@example.org,2026-04-25,VIP
C0783,James Rice DVM,gpugh@example.net,2023-10-21,PREMIUM
C0784,Jared Maxwell,louisjones@example.com,2024-07-28,VIP
C0785,Charles Brady,matthewsmonica@example.com,2026-07-07,PREMIUM
C0786,Paul Neal,taylortamara@example.com,2025-06-02,PREMIUM
C0787,Jeffrey Richardson,jennifer11@example.org,2026-01-15,PREMIUM
C0788,Ronald Booker,christensennicholas@example.org,2024-10-31,REGULAR
C0789,Christopher Meyer,wrightemily@example.org,2023-12-02,REGULAR
C0790,Rachael Thompson,dlucero@example.net,2023-12-16,VIP
C0791,Mark Walker,marquezwhitney@example.com,2024-12-20,PREMIUM
C0792,Joyce Sanders,woodsgabriella@example.org,2026-02-22,PREMIUM
C0793,Danny Patterson,kingderrick@example.net,2025-04-07,REGULAR
C0794,David Bolton,greggmartin@example.com,2026-01-22,PREMIUM
C0795,Michelle Guzman,darrylhall@example.com,2024-01-10,REGULAR
C0796,Adam Banks,lmiller@example.com,2024-02-26,REGULAR
C0797,Nathan Chambers,kaitlyncain@example.com,2024-02-10,PREMIUM
C0798,Richard Wallace,austinmcbride@example.com,2025-03-29,VIP
C0799,Laura Wall,dramirez@example.org,2026-05-12,PREMIUM
C0800,Savannah Morris,olsonbrooke@example.org,2023-09-22,PREMIUM
C0801,Cynthia Coleman,wilsonemily@example.com,2025-05-17,VIP
C0802,William Barker,wfrazierexample.com,2025-07-17,VIP
C0803,Randall Friedman,kimberlyduran@example.org,2025-10-20,PREMIUM
C0804,Stephanie Curry,joan79@example.com,2026-02-27,REGULAR
C0805,Sean Garza,joyce33example.net,2024-01-26,REGULAR
C0806,Kathryn Jordan,ericksonlarry@example.com,2024-04-19,REGULAR
C0807,Diana Foley,juarezbianca@example.net,2024-06-01,VIP
C0808,Kristin Henderson,ronald24@example.com,2025-03-01,PREMIUM
C0809,Heidi Velazquez,ortizvictoria@example.org,2025-06-06,PREMIUM
C0810,Victoria Duke,jared22@example.net,2024-08-08,VIP
C0811,Curtis Sanchez,cblackwell@example.net,2024-07-18,REGULAR
C0812,Angela Miller,rgaines@example.com,2023-11-06,REGULAR
C0813,Thomas Powers,davidedwards@example.net,2023-12-26,REGULAR
C0814,Pamela Strickland,arice@example.net,2025-03-09,PREMIUM
C0815,Chris Luna,kimberly21@example.com,2025-04-06,PREMIUM
C0816,Eric Sanchez,jennifer55@example.net,2026-06-23,VIP
C0817,Lance Fowler,imontgomery@example.org,2024-08-15,PREMIUM
C0818,Phillip Day,aprilsnyder@example.com,2024-10-08,REGULAR
C0819,Loretta Nolan,lorimartinez@example.org,2025-07-21,VIP
C0820,Mr. David Dickson,jennifershaffer@example.net,2025-04-09,REGULAR
C0821,Kerry Cox,atorres@example.net,2025-12-26,VIP
C0822,Mrs. Autumn Jackson,johngainesexample.org,2025-05-04,VIP
C0823,Suzanne Serrano,eatonmichelle@example.org,2024-12-25,PREMIUM
C0824,Andrew Villa,transcott@example.net,2025-01-09,REGULAR
C0825,Jon Harrington,ywatkins@example.org,2026-05-01,VIP
C0826,Joshua Lozano,sullivanbarbara@example.com,2024-09-23,REGULAR
C0827,Jordan Cook,jamiewalters@example.org,2025-12-03,VIP
C0828,Vincent Reid,moniquejones@example.net,2023-11-08,PREMIUM
C0829,Charles Anderson,wagnervictoria@example.org,2025-01-21,VIP
C0830,Penny Dunlap,ahernandez@example.org,2025-07-24,VIP
C0831,Melanie Knapp,bmcclain@example.org,2025-01-18,VIP
C0832,Nathan Smith,qrasmussen@example.org,2026-03-17,PREMIUM
C0833,David Alvarez,mendozaleslie@example.net,2024-08-24,PREMIUM
C0834,Alex Chen,jaclyn87@example.org,2025-10-10,REGULAR
C0835,Erica Hernandez PhD,miranda38@example.net,2025-02-23,VIP
C0836,Donna Neal,nicolebaker@example.com,2023-12-27,VIP
C0837,Karen York,adavis@example.org,2025-01-13,REGULAR
C0838,Ronald Carter,brooksmichael@example.com,2026-06-26,PREMIUM
C0839,Kimberly Kline,uporter@example.net,2026-02-07,VIP
C0840,Todd Rivera,mfigueroa@example.com,2025-08-11,PREMIUM
C0841,Steven Mason MD,fday@example.org,2024-11-05,PREMIUM
C0842,Aaron Perez,robin75@example.net,2024-03-14,VIP
C0843,Kenneth Malone,brownbethany@example.net,2025-01-17,REGULAR
C0844,Jose Werner,rbenjamin@example.net,2024-03-20,REGULAR
C0845,Kaitlin Daniels,lewispaul@example.com,2024-03-28,VIP
C0846,Richard Price,kwatkins@example.org,2025-11-06,PREMIUM
C0847,Katherine Griffin,christopher63@example.com,2024-12-21,REGULAR
C0848,Brent Roberts,ttorres@example.org,2023-08-07,PREMIUM
C0849,John Vasquez,natalie04@example.com,2025-10-09,REGULAR
C0850,Kenneth Nelson,ihutchinson@example.com,2024-01-08,VIP
C0851,Timothy Hudson,zachary22@example.org,2023-10-02,VIP
C0852,David Smith,jacobselizabeth@example.net,2024-06-14,REGULAR
C0853,Brooke May,wyoung@example.com,2024-11-21,VIP
C0854,Jimmy Stewart,bryanknight@example.com,2023-12-08,REGULAR
C0855,Sandra Norton,rhowe@example.org,2023-11-08,REGULAR
C0856,Elizabeth Hughes,kaitlyn90@example.net,2024-05-16,REGULAR
C0857,Dorothy Thomas,michaelhodges@example.net,2024-04-16,VIP
C0858,Michael Russell,charleskelly@example.net,2025-05-17,REGULAR
C0859,Katie Lopez,ericmiller@example.org,2024-09-01,PREMIUM
C0860,Paul Webb,sedwards@example.org,2024-11-19,PREMIUM
C0861,Jessica Odom,achristian@example.net,2024-05-23,PREMIUM
C0862,Christopher Pena,iramos@example.net,2025-06-01,PREMIUM
C0863,Bobby Romero,gfox@example.com,2023-09-11,PREMIUM
C0864,Laura King,michael31@example.net,2023-11-03,REGULAR
C0865,Steven Anderson,greertiffany@example.net,2026-03-16,REGULAR
C0866,Michael Pennington,edwardsbrad@example.net,2024-08-29,PREMIUM
C0867,Craig Mosley,marshbrenda@example.com,2026-04-12,PREMIUM
C0868,Austin Nunez,tina14@example.net,2026-05-07,REGULAR
C0869,Jacob Graham,tpowell@example.net,2025-01-20,VIP
C0870,Renee Martinez,bbrown@example.net,2025-06-09,VIP
C0871,Michael Garza,david08@example.net,2025-07-12,VIP
C0872,George Wright,browndouglas@example.net,2024-12-10,REGULAR
C0873,Joseph Gonzalez,johnsonkathryn@example.org,2023-09-15,REGULAR
C0874,Matthew Williams DDS,matthew26@example.com,2026-03-08,PREMIUM
C0875,Vanessa Perry,parkssamantha@example.net,2025-10-25,PREMIUM
C0876,Karen Cooper,laura74@example.org,2025-12-26,PREMIUM
C0877,Jordan Jones,ahernandez@example.net,2025-11-12,REGULAR
C0878,Richard Cole,dana10@example.com,2023-08-09,REGULAR
C0879,Lisa Moore,jillcarter@example.net,2025-09-23,REGULAR
C0880,James Simmons,ryanscott@example.com,2024-05-04,VIP
C0881,Johnny Dean,inguyen@example.org,2026-01-25,REGULAR
C0882,Manuel Simmons,andrewrodriguez@example.net,2026-05-29,REGULAR
C0883,Jeremy Lutz,benjamin47@example.org,2026-05-09,VIP
C0884,Tina Delgado,thomas71@example.com,2024-02-19,PREMIUM
C0885,Darrell Welch,juliejefferson@example.com,2025-11-04,VIP
C0886,Michael Rogers,joelhorton@example.net,2025-08-09,PREMIUM
C0887,Margaret Jones,cserrano@example.com,2026-03-12,VIP
C0888,Jason Edwards,frederickhampton@example.net,2023-12-20,REGULAR
C0889,Patricia Johnson,smithdiana@example.com,2026-07-07,PREMIUM
C0890,Jasmine Stewart,rwashington@example.com,2024-09-21,VIP
C0891,Jonathan Baker,greglong@example.org,2024-04-06,REGULAR
C0892,Abigail Leach,danaschmidt@example.org,2025-01-29,REGULAR
C0893,Denise Brandt,hudsonparker@example.org,2023-10-09,VIP
C0894,Jamie Kennedy,iadams@example.org,2025-01-04,REGULAR
C0895,Eric Salinas,browndawn@example.net,2023-11-19,VIP
C0896,Ashley Santiago,danielle48@example.org,2025-12-31,VIP
C0897,Sherry Myers,taylorcynthia@example.net,2026-07-06,VIP
C0898,Cheryl Wright,robert62@example.com,2025-03-28,PREMIUM
C0899,Elizabeth Johnston,ehamilton@example.net,2024-11-22,REGULAR
C0900,Megan Melendez,johnmorrison@example.net,2026-06-19,VIP
C0901,Christopher Sullivan,uthomas@example.net,2025-07-11,PREMIUM
C0902,Brianna Newton,james48@example.org,2025-11-12,PREMIUM
C0903,Ashley Pierce,kimlaura@example.net,2024-08-12,VIP
C0904,Jay Fuentes,caleblee@example.net,2026-03-29,REGULAR
C0905,Jennifer Graham,xmiles@example.org,2026-03-18,VIP
C0906,Deborah Wilson,haynestara@example.org,2026-06-05,REGULAR
C0907,Jessica Gray,stewartdavid@example.com,2025-02-14,PREMIUM
C0908,James Nguyen,elizabethbrown@example.com,2025-12-20,PREMIUM
C0909,Christopher Lynn,middletonjames@example.com,2025-05-29,PREMIUM
C0910,Ethan Nolan,jonesnicole@example.org,2024-03-02,VIP
C0911,Allison Brown,ysantana@example.org,2025-12-31,PREMIUM
C0912,Brandon Reed,usmith@example.org,2025-05-02,VIP
C0913,Sandra Johnson,iperez@example.org,2025-09-09,VIP
C0914,Gavin Ward,kyle15@example.net,2024-06-04,REGULAR
C0915,Marissa Johnson,dawnstewart@example.net,2026-01-11,REGULAR
C0916,Anna Jones,gabrielschmitt@example.net,2026-04-18,VIP
C0917,Tony Martin,ronalddaniels@example.com,2024-06-12,REGULAR
C0918,Kimberly Gilbert,kylemorales@example.org,2025-04-05,REGULAR
C0919,Christy Ortiz,whamiltonexample.org,2024-06-05,VIP
C0920,Brad Riley,brianna30@example.com,2025-01-02,PREMIUM
C0921,Denise Diaz,cole24@example.net,2024-01-25,VIP
C0922,Jill Mcclure,uduarte@example.org,2026-03-16,REGULAR
C0923,Nicole Dunn,chris01example.net,2026-01-13,VIP
C0924,Edward Blake,jacksoncatherine@example.com,2023-08-02,REGULAR
C0925,Nicole Little,shopkins@example.net,2026-02-08,REGULAR
C0926,Lisa Potts,hawkinsheather@example.com,2023-10-23,VIP
C0927,Kristi Horne,comptonrichard@example.com,2024-09-06,VIP
C0928,Lorraine Mitchell,gardneradrienne@example.org,2026-05-09,PREMIUM
C0929,Willie Howell,qbrooks@example.org,2024-10-13,REGULAR
C0930,Janet Ray,susanlester@example.org,2023-11-30,PREMIUM
C0931,Alisha Johnson,mjones@example.net,2025-01-23,PREMIUM
C0932,Brian Bailey,thurley@example.net,2024-04-19,VIP
C0933,Pamela Davis,lawrencesarah@example.net,2025-10-25,REGULAR
C0934,Christopher Macdonald,ithomas@example.com,2026-03-30,VIP
C0935,Scott Hansen,cathy08@example.net,2024-05-13,REGULAR
C0936,Ashley Rowe,wrice@example.com,2025-11-03,REGULAR
C0937,David Maxwell,wagnerjulie@example.net,2026-03-29,REGULAR
C0938,Linda Cole,smiththeresa@example.net,2025-02-28,VIP
C0939,Carl Romero,harrisjerry@example.com,2025-10-31,VIP
C0940,Sarah Peterson,lambsarah@example.com,2026-05-11,REGULAR
C0941,Alexandra Torres,shawnyoder@example.org,2025-07-31,REGULAR
C0942,Michael Bauer,christopherandrews@example.net,2025-12-25,PREMIUM
C0943,Robert Hughes,heather50@example.net,2025-05-20,VIP
C0944,Elizabeth Sullivan,dterrell@example.org,2023-09-09,PREMIUM
C0945,Bridget Lopez,darlenewilliams@example.org,2023-12-10,VIP
C0946,Chelsea Cole,madelinelam@example.net,2023-12-07,REGULAR
C0947,Joseph Jones,amanda23@example.net,2025-04-21,PREMIUM
C0948,Kathleen Medina,lhernandez@example.org,2024-12-01,PREMIUM
C0949,John Chapman,katherinefarley@example.com,2024-08-23,REGULAR
C0950,Paula Spencer,john54@example.com,2026-07-09,VIP
C0951,Brenda Wiley,tmurray@example.com,2023-12-24,REGULAR
C0952,Patrick Lambert,samantha87@example.com,2025-05-12,REGULAR
C0953,Angel Kramer,mathewsjoseph@example.org,2026-04-04,VIP
C0954,Cheryl Hudson,nicholashunter@example.net,2024-09-28,REGULAR
C0955,Nicholas Arroyo,samanthafreeman@example.org,2024-08-24,REGULAR
C0956,Kelsey Moreno,rschultz@example.com,2024-10-27,PREMIUM
C0957,Charlene Black,victoria62@example.org,2024-02-09,REGULAR
C0958,Heather Church,staceylove@example.net,2025-04-08,PREMIUM
C0959,Mark Smith,qdennis@example.com,2026-07-09,REGULAR
C0960,Samantha Hart,amanda57@example.net,2023-11-26,REGULAR
C0961,Luis Bush,jgonzales@example.com,2026-01-06,VIP
C0962,Nicholas Moreno II,guerrasamantha@example.net,2026-03-10,VIP
C0963,Stephen Williams,dmiller@example.org,2026-05-02,VIP
C0964,Tara Moore,ariana87@example.com,2026-04-23,VIP
C0965,Debbie Pena,norrismarcia@example.org,2023-09-14,PREMIUM
C0966,Mr. Tyrone Hanson,rscott@example.com,2025-11-03,VIP
C0967,Andrew Anderson,patelcurtis@example.org,2026-04-10,PREMIUM
C0968,Daniel Kaiser,walkerabigail@example.org,2024-09-26,PREMIUM
C0969,Mackenzie Wright,smithann@example.net,2024-10-26,PREMIUM
C0970,Joann Garcia,dominguezrick@example.com,2026-03-14,PREMIUM
C0971,Kathryn Adams,eric47@example.org,2025-08-03,PREMIUM
C0972,David Porter,campbelldavid@example.net,2024-07-12,REGULAR
C0973,Justin Johnson,oweaver@example.net,2025-10-07,PREMIUM
C0974,Ronald Harrison,sarahthompson@example.org,2024-07-19,PREMIUM
C0975,Samuel Hogan,gary87@example.org,2024-08-23,REGULAR
C0976,Brian Grant,michaelmiller@example.net,2024-03-03,PREMIUM
C0977,Brooke Hamilton,christiandavis@example.net,2025-09-11,PREMIUM
C0978,David Tapia,nelsonjeffrey@example.org,2024-07-12,VIP
C0979,Isabel Park,katieaustin@example.org,2025-07-23,VIP
C0980,Mr. Justin Owens MD,pscott@example.net,2025-08-05,REGULAR
C0981,Hunter Ramos,darlenemorrison@example.net,2024-09-01,REGULAR
C0982,Eugene Thompson,klawrence@example.com,2026-01-30,PREMIUM
C0983,Katrina Cole,nwolfe@example.com,2026-02-26,PREMIUM
C0984,Eric Moore,michaelvasquez@example.org,2024-01-08,PREMIUM
C0985,John Baird,garciajames@example.com,2025-12-12,VIP
C0986,Bryce Carter,martinfelicia@example.com,2024-02-24,VIP
C0987,Ronald Allen,antoniowise@example.net,2024-10-27,VIP
C0988,Jacob Phillips,bryan24@example.com,2024-10-03,VIP
C0989,Raven Hernandez,dennishowell@example.org,2023-12-21,REGULAR
C0990,George Jensen,ncopeland@example.org,2025-07-15,PREMIUM
C0991,Eric Ward,kimberlycooke@example.net,2025-09-11,REGULAR
C0992,Wendy Pierce,wweeks@example.com,2023-07-16,REGULAR
C0993,Brandon Gray,brenda15@example.com,2025-05-24,PREMIUM
C0994,Karen Vazquez,thomas65@example.com,2023-10-20,PREMIUM
C0995,Beverly Hansen,nrobinson@example.net,2024-12-25,PREMIUM
C0996,James Zimmerman,tammywatkinsexample.com,2023-12-21,REGULAR
C0997,Holly Parsons,kristin13@example.com,2025-02-13,PREMIUM
C0998,Amanda Hahn,robert78@example.net,2024-09-19,PREMIUM
C0999,Angela Morales,scottjohnson@example.net,2023-12-26,PREMIUM
C1000,Katelyn Rhodes,grossjudith@example.com,2023-11-18,REGULAR
